CustomerID,CustomerFirstName,CustomerLastName,CustomerEmail,CustomerPhoneNumber,CustomerAddress,CustomerDOB
01,Olivia,Williams,olivia.williams1@gmail.com,021-522-2886,235 Gonzalez Drive Papatoetoe,25/07/1983
02,Lucas,Rodriguez,lucas.rodriguez2@gmail.com,021-582-9260,217 Johnson Crescent Karori,22/04/1997
03,Isabella,Hernandez,isabella.hernandez3@gmail.com,021-953-3299,223 Jones Crescent Riccarton,08/07/1978
04,Harper,Wilson,harper.wilson4@gmail.com,021-762-3816,123 Miller Place Grey Lynn,07/10/1970
05,Benjamin,Jackson,benjamin.jackson5@gmail.com,021-684-1155,37 Williams Place Te Aro,18/07/2005
06,Emma,Moore,emma.moore6@gmail.com,021-114-3563,188 Garcia Crescent Te Aro,26/10/1977
07,Mia,Taylor,mia.taylor7@gmail.com,021-598-1233,69 Garcia Street Papatoetoe,11/02/2003
08,Oliver,Wilson,oliver.wilson8@gmail.com,021-162-8931,59 Davis Road Ponsonby,25/10/1982
09,Isabella,Gonzalez,isabella.gonzalez9@gmail.com,021-437-9401,67 Moore Road Manukau,06/08/1961
10,Emma,Taylor,emma.taylor10@gmail.com,021-101-2322,162 Rodriguez Street Manukau,01/12/1998
11,Ava,Anderson,ava.anderson11@gmail.com,021-725-5583,29 Brown Avenue Te Aro,11/02/1977
12,Ava,Williams,ava.williams12@gmail.com,021-377-3567,228 Wilson Drive Henderson,19/10/1986
13,Liam,Taylor,liam.taylor13@gmail.com,021-220-7090,97 Davis Drive Remuera,20/12/1957
14,Elijah,Smith,elijah.smith14@gmail.com,021-642-8458,103 Miller Court Remuera,22/11/1961
15,William,Davis,william.davis15@gmail.com,021-410-7419,175 Wilson Crescent Henderson,27/11/1998
16,Amelia,Wilson,amelia.wilson16@gmail.com,021-865-4492,198 Martinez Crescent Newmarket,08/07/2006
17,William,Rodriguez,william.rodriguez17@gmail.com,021-355-7526,5 Martinez Crescent Karori,10/04/1991
18,Mia,Miller,mia.miller18@gmail.com,021-795-8829,168 Taylor Drive Manukau,16/12/1978
19,Noah,Jones,noah.jones19@gmail.com,021-308-6133,25 Lopez Place Newmarket,26/11/1970
20,Evelyn,Jackson,evelyn.jackson20@gmail.com,021-386-5793,201 Rodriguez Court Remuera,09/01/1984
21,James,Williams,james.williams21@gmail.com,021-235-6959,42 Jones Place Grey Lynn,09/02/1996
22,Elijah,Miller,elijah.miller22@gmail.com,021-141-9570,40 Wilson Road Henderson,16/08/2006
23,Mia,Jones,mia.jones23@gmail.com,021-499-2867,201 Garcia Court Riccarton,07/12/2002
24,Evelyn,Jones,evelyn.jones24@gmail.com,021-143-2688,24 Brown Road Riccarton,29/10/1986
25,Olivia,Rodriguez,olivia.rodriguez25@gmail.com,021-592-4034,171 Martinez Place Manukau,21/03/2006
26,Charlotte,Williams,charlotte.williams26@gmail.com,021-237-1411,179 Rodriguez Road Riccarton,31/12/1967
27,William,Gonzalez,william.gonzalez27@gmail.com,021-659-7696,85 Martinez Road Riccarton,30/08/2007
28,Ava,Anderson,ava.anderson28@gmail.com,021-468-1098,96 Rodriguez Avenue Karori,05/01/2000
29,James,Jackson,james.jackson29@gmail.com,021-446-6890,96 Garcia Road Albany,23/11/1976
30,Charlotte,Taylor,charlotte.taylor30@gmail.com,021-409-5279,13 Lopez Crescent Albany,22/05/2002
31,Isabella,Taylor,isabella.taylor31@gmail.com,021-750-6210,4 Miller Place Karori,17/09/1986
32,James,Miller,james.miller32@gmail.com,021-113-5148,150 Martin Drive Karori,28/10/1982
33,Evelyn,Jones,evelyn.jones33@gmail.com,021-944-1059,229 Rodriguez Avenue Papatoetoe,15/04/1964
34,Harper,Rodriguez,harper.rodriguez34@gmail.com,021-937-3732,3 Lopez Road Te Aro,01/10/1995
35,Lucas,Brown,lucas.brown35@gmail.com,021-348-7611,209 Williams Court Albany,15/05/2003
36,Olivia,Brown,olivia.brown36@gmail.com,021-912-4958,134 Jackson Road Newmarket,16/01/1959
37,Liam,Brown,liam.brown37@gmail.com,021-120-2109,245 Wilson Crescent Newmarket,20/06/1959
38,Alexander,Davis,alexander.davis38@gmail.com,021-565-6309,222 Rodriguez Drive Grey Lynn,14/01/1973
39,Emma,Brown,emma.brown39@gmail.com,021-312-3987,232 Jones Road Te Aro,16/02/1957
40,Liam,Rodriguez,liam.rodriguez40@gmail.com,021-778-8824,41 Moore Crescent Manukau,23/11/1963
41,Charlotte,Gonzalez,charlotte.gonzalez41@gmail.com,021-319-5078,77 Miller Street Karori,18/11/1986
42,James,Miller,james.miller42@gmail.com,021-499-8394,1 Jones Road Henderson,07/11/1991
43,William,Garcia,william.garcia43@gmail.com,021-650-8281,10 Thomas Crescent Papatoetoe,14/09/1964
44,Harper,Brown,harper.brown44@gmail.com,021-959-3635,242 Hernandez Crescent Newmarket,29/10/1981
45,Isabella,Thomas,isabella.thomas45@gmail.com,021-105-5659,137 Garcia Court Remuera,16/04/1963
46,Liam,Martinez,liam.martinez46@gmail.com,021-986-8440,24 Miller Place Grey Lynn,09/09/1976
47,Evelyn,Johnson,evelyn.johnson47@gmail.com,021-922-8865,127 Gonzalez Crescent Albany,28/07/1977
48,Elijah,Taylor,elijah.taylor48@gmail.com,021-640-7901,140 Williams Avenue Manukau,04/03/1981
49,Evelyn,Moore,evelyn.moore49@gmail.com,021-901-1986,35 Moore Court Albany,21/08/1966
50,Oliver,Garcia,oliver.garcia50@gmail.com,021-174-1744,26 Garcia Road Karori,07/02/1974
51,William,Miller,william.miller51@gmail.com,021-407-2127,36 Garcia Crescent Papatoetoe,11/08/1971
52,James,Miller,james.miller52@gmail.com,021-102-4631,138 Davis Street Manukau,11/12/1973
53,Charlotte,Jones,charlotte.jones53@gmail.com,021-649-2968,96 Williams Place Ponsonby,15/06/1968
54,Sophia,Jones,sophia.jones54@gmail.com,021-173-8003,161 Taylor Place Manukau,26/07/2009
55,Amelia,Jackson,amelia.jackson55@gmail.com,021-464-4756,59 Jackson Avenue Albany,12/03/1969
56,Liam,Hernandez,liam.hernandez56@gmail.com,021-369-2365,157 Anderson Street Henderson,21/06/2007
57,William,Jones,william.jones57@gmail.com,021-323-5182,46 Lopez Court Riccarton,08/07/1986
58,Evelyn,Thomas,evelyn.thomas58@gmail.com,021-424-8273,96 Williams Avenue Grey Lynn,22/01/1979
59,Olivia,Smith,olivia.smith59@gmail.com,021-415-7042,36 Brown Place Remuera,22/02/1958
60,William,Rodriguez,william.rodriguez60@gmail.com,021-945-9800,142 Wilson Road Albany,11/02/1976
61,Henry,Williams,henry.williams61@gmail.com,021-618-8027,33 Gonzalez Avenue Ponsonby,06/10/1988
62,Mia,Smith,mia.smith62@gmail.com,021-380-4968,118 Miller Place Te Aro,31/10/1975
63,Evelyn,Gonzalez,evelyn.gonzalez63@gmail.com,021-136-2263,80 Martinez Drive Newmarket,09/08/1981
64,Olivia,Smith,olivia.smith64@gmail.com,021-585-3370,224 Wilson Court Karori,10/06/1995
65,Isabella,Lopez,isabella.lopez65@gmail.com,021-445-9785,175 Martin Avenue Te Aro,25/04/2008
66,Isabella,Davis,isabella.davis66@gmail.com,021-793-5409,65 Smith Road Ponsonby,01/04/1990
67,Evelyn,Thomas,evelyn.thomas67@gmail.com,021-945-1621,116 Gonzalez Road Mount Eden,31/03/2001
68,Amelia,Rodriguez,amelia.rodriguez68@gmail.com,021-378-5340,114 Taylor Road Manukau,12/02/2000
69,Isabella,Smith,isabella.smith69@gmail.com,021-783-3682,36 Taylor Court Newmarket,04/02/1964
70,Benjamin,Thomas,benjamin.thomas70@gmail.com,021-364-5253,199 Jones Road Te Aro,09/03/1982
71,Benjamin,Davis,benjamin.davis71@gmail.com,021-379-7142,29 Thomas Avenue Newmarket,02/01/1975
72,James,Davis,james.davis72@gmail.com,021-119-1512,202 Williams Avenue Te Aro,01/11/2003
73,Henry,Martin,henry.martin73@gmail.com,021-796-6018,110 Martin Place Newmarket,26/10/1988
74,Oliver,Wilson,oliver.wilson74@gmail.com,021-883-5133,200 Moore Court Remuera,15/08/1999
75,Liam,Brown,liam.brown75@gmail.com,021-169-1589,30 Jones Street Ponsonby,10/07/2000
76,Olivia,Garcia,olivia.garcia76@gmail.com,021-156-4783,147 Martinez Drive Riccarton,30/04/1973
77,Emma,Smith,emma.smith77@gmail.com,021-890-1672,209 Martinez Avenue Newmarket,22/08/1974
78,Ava,Lopez,ava.lopez78@gmail.com,021-101-1470,75 Hernandez Street Henderson,20/11/1961
79,Noah,Taylor,noah.taylor79@gmail.com,021-642-1796,13 Brown Court Ponsonby,14/10/1965
80,Emma,Davis,emma.davis80@gmail.com,021-258-7916,49 Jones Drive Henderson,25/10/1999
81,Elijah,Jones,elijah.jones81@gmail.com,021-741-5088,58 Thomas Drive Mount Eden,13/02/1994
82,Alexander,Rodriguez,alexander.rodriguez82@gmail.com,021-247-2016,187 Wilson Avenue Riccarton,19/03/1963
83,Harper,Garcia,harper.garcia83@gmail.com,021-858-3922,21 Johnson Court Manukau,07/05/2004
84,Emma,Smith,emma.smith84@gmail.com,021-393-8622,150 Miller Court Riccarton,04/12/1959
85,Sophia,Garcia,sophia.garcia85@gmail.com,021-946-9936,130 Davis Road Manukau,18/07/1999
86,Emma,Miller,emma.miller86@gmail.com,021-101-5866,145 Martinez Avenue Grey Lynn,26/06/2005
87,Liam,Rodriguez,liam.rodriguez87@gmail.com,021-229-4218,149 Wilson Road Albany,13/05/1993
88,Henry,Wilson,henry.wilson88@gmail.com,021-363-2154,223 Taylor Court Newmarket,15/05/1978
89,Amelia,Rodriguez,amelia.rodriguez89@gmail.com,021-523-3888,59 Anderson Drive Karori,28/05/1958
90,Lucas,Moore,lucas.moore90@gmail.com,021-560-5736,64 Hernandez Place Grey Lynn,20/08/1992
91,Noah,Hernandez,noah.hernandez91@gmail.com,021-586-3514,69 Taylor Street Remuera,17/02/2001
92,Benjamin,Brown,benjamin.brown92@gmail.com,021-336-2988,91 Moore Court Ponsonby,15/09/2008
93,Emma,Davis,emma.davis93@gmail.com,021-299-3238,212 Johnson Crescent Karori,17/06/1978
94,William,Smith,william.smith94@gmail.com,021-843-2214,137 Garcia Crescent Karori,06/08/1976
95,Emma,Johnson,emma.johnson95@gmail.com,021-678-8990,209 Williams Crescent Te Aro,09/02/2000
96,Olivia,Garcia,olivia.garcia96@gmail.com,021-134-7560,219 Rodriguez Road Ponsonby,26/03/2009
97,Benjamin,Johnson,benjamin.johnson97@gmail.com,021-374-8792,232 Wilson Crescent Henderson,25/06/2003
98,Elijah,Moore,elijah.moore98@gmail.com,021-373-5613,14 Rodriguez Road Remuera,17/11/1986
99,Alexander,Miller,alexander.miller99@gmail.com,021-508-7610,214 Hernandez Road Mount Eden,05/10/1972
100,Oliver,Martin,oliver.martin100@gmail.com,021-583-3138,66 Rodriguez Crescent Henderson,03/05/2007
101,Isabella,Thomas,isabella.thomas101@gmail.com,021-904-3121,131 Martin Court Ponsonby,21/09/1963
102,Liam,Lopez,liam.lopez102@gmail.com,021-301-3629,65 Garcia Drive Albany,10/06/1985
103,Benjamin,Brown,benjamin.brown103@gmail.com,021-522-9599,3 Jones Avenue Henderson,17/08/1983
104,Henry,Martinez,henry.martinez104@gmail.com,021-927-2280,131 Miller Place Riccarton,13/11/1969
105,Charlotte,Gonzalez,charlotte.gonzalez105@gmail.com,021-642-6749,90 Martinez Avenue Karori,04/09/1964
106,Amelia,Brown,amelia.brown106@gmail.com,021-498-3839,109 Miller Court Te Aro,02/10/1998
107,Oliver,Rodriguez,oliver.rodriguez107@gmail.com,021-639-3240,207 Hernandez Crescent Albany,09/07/1981
108,Henry,Rodriguez,henry.rodriguez108@gmail.com,021-656-4894,28 Taylor Road Remuera,22/03/1958
109,Benjamin,Wilson,benjamin.wilson109@gmail.com,021-589-7838,173 Moore Avenue Ponsonby,28/12/2008
110,Elijah,Hernandez,elijah.hernandez110@gmail.com,021-154-1594,248 Lopez Road Ponsonby,15/01/1958
111,Evelyn,Jones,evelyn.jones111@gmail.com,021-779-3107,115 Rodriguez Avenue Karori,13/10/2004
112,Amelia,Anderson,amelia.anderson112@gmail.com,021-392-8204,212 Moore Court Remuera,05/01/1991
113,Oliver,Jackson,oliver.jackson113@gmail.com,021-867-4706,203 Martinez Street Grey Lynn,01/03/1997
114,Benjamin,Moore,benjamin.moore114@gmail.com,021-690-2617,230 Taylor Road Te Aro,03/03/1996
115,Elijah,Williams,elijah.williams115@gmail.com,021-513-8570,76 Davis Crescent Karori,26/12/1993
116,William,Anderson,william.anderson116@gmail.com,021-190-5003,47 Brown Road Grey Lynn,17/11/1993
117,Isabella,Gonzalez,isabella.gonzalez117@gmail.com,021-340-6969,240 Hernandez Place Manukau,26/08/2001
118,Charlotte,Anderson,charlotte.anderson118@gmail.com,021-925-3315,150 Martin Crescent Remuera,31/08/1983
119,Amelia,Taylor,amelia.taylor119@gmail.com,021-931-8041,124 Moore Drive Papatoetoe,30/08/2004
120,Isabella,Rodriguez,isabella.rodriguez120@gmail.com,021-943-4982,131 Wilson Drive Te Aro,11/12/1994
121,Harper,Lopez,harper.lopez121@gmail.com,021-123-7576,39 Anderson Crescent Grey Lynn,01/10/1990
122,Ava,Johnson,ava.johnson122@gmail.com,021-709-6106,96 Hernandez Drive Albany,04/03/1972
123,Ava,Moore,ava.moore123@gmail.com,021-851-6060,140 Moore Place Te Aro,08/12/1969
124,Isabella,Wilson,isabella.wilson124@gmail.com,021-934-5591,165 Martin Court Newmarket,27/02/1977
125,Noah,Smith,noah.smith125@gmail.com,021-328-4693,237 Rodriguez Street Riccarton,07/05/1974
126,Amelia,Williams,amelia.williams126@gmail.com,021-983-5471,14 Jones Drive Albany,04/08/1996
127,Amelia,Garcia,amelia.garcia127@gmail.com,021-587-2206,105 Gonzalez Street Albany,14/01/1968
128,James,Miller,james.miller128@gmail.com,021-767-4424,230 Smith Street Karori,08/06/1977
129,Ava,Brown,ava.brown129@gmail.com,021-367-7301,203 Smith Crescent Albany,19/12/1994
130,Sophia,Anderson,sophia.anderson130@gmail.com,021-113-8168,122 Jones Street Papatoetoe,23/05/1963
131,Liam,Lopez,liam.lopez131@gmail.com,021-395-8752,119 Moore Drive Te Aro,26/06/1988
132,James,Wilson,james.wilson132@gmail.com,021-855-4408,73 Martinez Drive Manukau,07/12/1968
133,Benjamin,Lopez,benjamin.lopez133@gmail.com,021-127-5106,237 Martin Crescent Mount Eden,23/08/1989
134,Emma,Rodriguez,emma.rodriguez134@gmail.com,021-878-3518,67 Jackson Court Ponsonby,01/06/1993
135,Elijah,Moore,elijah.moore135@gmail.com,021-697-3883,29 Johnson Road Karori,18/03/1973
136,Mia,Gonzalez,mia.gonzalez136@gmail.com,021-284-8130,95 Martinez Road Mount Eden,18/05/1998
137,Ava,Wilson,ava.wilson137@gmail.com,021-505-2121,109 Davis Crescent Papatoetoe,29/01/2011
138,Noah,Miller,noah.miller138@gmail.com,021-666-1172,157 Moore Road Riccarton,27/06/2008
139,Evelyn,Gonzalez,evelyn.gonzalez139@gmail.com,021-199-4105,223 Williams Crescent Albany,05/06/2006
140,Lucas,Miller,lucas.miller140@gmail.com,021-912-7862,191 Moore Drive Henderson,07/11/2009
141,Elijah,Johnson,elijah.johnson141@gmail.com,021-151-5023,19 Wilson Street Papatoetoe,30/12/1974
142,Olivia,Smith,olivia.smith142@gmail.com,021-274-6526,172 Gonzalez Street Ponsonby,30/04/1970
143,Amelia,Thomas,amelia.thomas143@gmail.com,021-727-2413,98 Taylor Avenue Manukau,16/07/1997
144,Amelia,Jones,amelia.jones144@gmail.com,021-765-2399,103 Martinez Crescent Newmarket,10/06/1998
145,Evelyn,Rodriguez,evelyn.rodriguez145@gmail.com,021-204-9692,182 Johnson Drive Ponsonby,02/10/1977
146,Sophia,Smith,sophia.smith146@gmail.com,021-268-1517,92 Rodriguez Place Riccarton,10/11/1962
147,Olivia,Wilson,olivia.wilson147@gmail.com,021-908-5982,57 Moore Place Henderson,25/11/1968
148,Noah,Johnson,noah.johnson148@gmail.com,021-830-6830,133 Martin Place Ponsonby,15/03/1984
149,Sophia,Martin,sophia.martin149@gmail.com,021-141-3398,39 Davis Drive Newmarket,02/08/1986
150,Emma,Brown,emma.brown150@gmail.com,021-555-7185,8 Rodriguez Street Grey Lynn,22/08/1989
151,Henry,Davis,henry.davis151@gmail.com,021-440-2391,151 Martinez Street Riccarton,06/09/1991
152,Isabella,Martin,isabella.martin152@gmail.com,021-233-5214,247 Hernandez Street Mount Eden,15/02/1987
153,Olivia,Moore,olivia.moore153@gmail.com,021-107-4792,211 Lopez Crescent Newmarket,24/05/2003
154,Lucas,Jones,lucas.jones154@gmail.com,021-571-8397,8 Moore Crescent Te Aro,21/06/2007
155,Mia,Garcia,mia.garcia155@gmail.com,021-982-9585,187 Martin Drive Riccarton,13/11/1986
156,Amelia,Gonzalez,amelia.gonzalez156@gmail.com,021-118-1577,18 Hernandez Place Papatoetoe,02/07/1998
157,Alexander,Williams,alexander.williams157@gmail.com,021-415-3532,146 Thomas Drive Manukau,31/08/1990
158,Noah,Wilson,noah.wilson158@gmail.com,021-811-5929,69 Jackson Avenue Manukau,23/01/1962
159,Evelyn,Thomas,evelyn.thomas159@gmail.com,021-708-8815,152 Martinez Crescent Albany,17/02/1979
160,Lucas,Hernandez,lucas.hernandez160@gmail.com,021-334-5299,151 Brown Avenue Mount Eden,06/06/1982
161,William,Smith,william.smith161@gmail.com,021-928-8165,179 Rodriguez Street Grey Lynn,18/12/1970
162,Benjamin,Smith,benjamin.smith162@gmail.com,021-866-8378,57 Lopez Court Riccarton,06/09/1956
163,Isabella,Moore,isabella.moore163@gmail.com,021-218-9840,143 Martinez Avenue Ponsonby,24/07/2009
164,Charlotte,Lopez,charlotte.lopez164@gmail.com,021-729-3775,56 Martinez Avenue Riccarton,24/02/1991
165,James,Hernandez,james.hernandez165@gmail.com,021-248-2731,67 Thomas Place Manukau,25/05/1992
166,Lucas,Rodriguez,lucas.rodriguez166@gmail.com,021-292-9982,22 Martinez Crescent Manukau,28/03/2003
167,Liam,Lopez,liam.lopez167@gmail.com,021-354-6404,209 Martin Court Karori,22/03/1965
168,Oliver,Jackson,oliver.jackson168@gmail.com,021-992-9514,10 Johnson Crescent Manukau,13/07/1980
169,James,Thomas,james.thomas169@gmail.com,021-406-4829,67 Miller Street Te Aro,17/04/1980
170,Oliver,Miller,oliver.miller170@gmail.com,021-868-2523,193 Miller Place Albany,05/12/1989
171,Henry,Martinez,henry.martinez171@gmail.com,021-368-5483,223 Williams Avenue Mount Eden,24/10/1980
172,Evelyn,Lopez,evelyn.lopez172@gmail.com,021-501-6437,165 Taylor Court Henderson,28/07/1968
173,James,Johnson,james.johnson173@gmail.com,021-259-5817,144 Garcia Crescent Riccarton,08/08/1984
174,Elijah,Brown,elijah.brown174@gmail.com,021-215-6095,204 Martinez Court Remuera,09/08/1997
175,Noah,Thomas,noah.thomas175@gmail.com,021-641-1061,183 Anderson Avenue Karori,09/06/1969
176,Evelyn,Garcia,evelyn.garcia176@gmail.com,021-212-5959,119 Rodriguez Place Papatoetoe,16/02/1997
177,Alexander,Brown,alexander.brown177@gmail.com,021-191-7569,121 Anderson Court Mount Eden,10/05/1957
178,Oliver,Moore,oliver.moore178@gmail.com,021-101-7825,141 Taylor Street Henderson,19/07/1986
179,Isabella,Martin,isabella.martin179@gmail.com,021-668-9245,22 Hernandez Court Karori,17/03/2004
180,Oliver,Miller,oliver.miller180@gmail.com,021-997-1175,224 Brown Place Remuera,08/07/2000
181,Ava,Martinez,ava.martinez181@gmail.com,021-762-5786,207 Hernandez Street Karori,06/07/2000
182,Harper,Martinez,harper.martinez182@gmail.com,021-957-1615,175 Williams Court Remuera,28/07/1993
183,Olivia,Johnson,olivia.johnson183@gmail.com,021-590-6887,96 Rodriguez Place Papatoetoe,22/03/1974
184,Sophia,Jones,sophia.jones184@gmail.com,021-956-8280,185 Rodriguez Court Grey Lynn,11/10/1976
185,Mia,Brown,mia.brown185@gmail.com,021-873-7141,71 Brown Court Mount Eden,14/03/2007
186,Lucas,Lopez,lucas.lopez186@gmail.com,021-717-9560,202 Wilson Avenue Manukau,10/06/2007
187,Ava,Wilson,ava.wilson187@gmail.com,021-692-8403,163 Moore Street Newmarket,11/06/1988
188,Amelia,Wilson,amelia.wilson188@gmail.com,021-625-5614,7 Jackson Road Grey Lynn,21/03/1967
189,Evelyn,Jackson,evelyn.jackson189@gmail.com,021-499-4094,120 Hernandez Avenue Newmarket,30/10/1971
190,Harper,Thomas,harper.thomas190@gmail.com,021-912-7582,148 Rodriguez Street Papatoetoe,04/09/1957
191,James,Miller,james.miller191@gmail.com,021-233-4500,210 Miller Crescent Ponsonby,28/07/2002
192,Ava,Johnson,ava.johnson192@gmail.com,021-612-8623,47 Jones Drive Ponsonby,07/04/2004
193,William,Rodriguez,william.rodriguez193@gmail.com,021-884-2600,17 Brown Road Karori,19/11/2009
194,Alexander,Hernandez,alexander.hernandez194@gmail.com,021-945-9429,106 Garcia Avenue Remuera,07/06/1981
195,William,Wilson,william.wilson195@gmail.com,021-533-9543,117 Garcia Avenue Manukau,05/07/1965
196,Liam,Williams,liam.williams196@gmail.com,021-645-3666,39 Martinez Place Te Aro,30/07/1988
197,Isabella,Williams,isabella.williams197@gmail.com,021-711-1620,61 Brown Crescent Remuera,11/07/1999
198,James,Jones,james.jones198@gmail.com,021-553-5807,207 Hernandez Avenue Ponsonby,13/05/1988
199,Isabella,Moore,isabella.moore199@gmail.com,021-926-5912,240 Garcia Street Newmarket,23/01/1959
200,Alexander,Garcia,alexander.garcia200@gmail.com,021-981-3399,178 Lopez Road Newmarket,28/02/1968
201,Noah,Garcia,noah.garcia201@gmail.com,021-947-9277,59 Brown Road Albany,19/04/1966
202,Oliver,Martin,oliver.martin202@gmail.com,021-252-5537,112 Gonzalez Street Albany,15/05/1994
203,Elijah,Gonzalez,elijah.gonzalez203@gmail.com,021-674-1065,118 Davis Road Manukau,24/10/1967
204,Liam,Jackson,liam.jackson204@gmail.com,021-611-6838,136 Williams Crescent Karori,10/05/1984
205,James,Smith,james.smith205@gmail.com,021-991-4301,14 Taylor Road Ponsonby,20/12/1990
206,Liam,Johnson,liam.johnson206@gmail.com,021-400-4971,192 Davis Place Te Aro,27/10/1964
207,Henry,Johnson,henry.johnson207@gmail.com,021-263-4438,25 Lopez Drive Ponsonby,19/05/1998
208,Emma,Hernandez,emma.hernandez208@gmail.com,021-776-1493,191 Jackson Crescent Remuera,15/05/1974
209,Harper,Lopez,harper.lopez209@gmail.com,021-605-5938,135 Wilson Crescent Remuera,14/11/2006
210,Alexander,Gonzalez,alexander.gonzalez210@gmail.com,021-932-4849,197 Brown Street Papatoetoe,04/05/2004
211,Olivia,Wilson,olivia.wilson211@gmail.com,021-442-5928,223 Lopez Place Newmarket,01/05/1979
212,Charlotte,Hernandez,charlotte.hernandez212@gmail.com,021-565-8388,20 Anderson Drive Manukau,23/10/1971
213,Charlotte,Anderson,charlotte.anderson213@gmail.com,021-286-2390,129 Gonzalez Court Te Aro,08/08/1960
214,Evelyn,Lopez,evelyn.lopez214@gmail.com,021-148-7912,182 Brown Street Henderson,02/12/2001
215,Oliver,Hernandez,oliver.hernandez215@gmail.com,021-328-3106,162 Jones Crescent Grey Lynn,27/01/2009
216,Liam,Lopez,liam.lopez216@gmail.com,021-747-9013,199 Gonzalez Road Remuera,17/03/1992
217,William,Martin,william.martin217@gmail.com,021-567-1930,10 Jones Street Grey Lynn,26/06/1975
218,Alexander,Lopez,alexander.lopez218@gmail.com,021-440-8066,182 Moore Drive Newmarket,03/02/1960
219,Harper,Garcia,harper.garcia219@gmail.com,021-123-8306,68 Miller Place Grey Lynn,24/06/2010
220,Amelia,Jones,amelia.jones220@gmail.com,021-353-6701,191 Williams Court Karori,07/04/2001
221,Isabella,Taylor,isabella.taylor221@gmail.com,021-796-5201,218 Garcia Court Papatoetoe,11/02/1978
222,Liam,Garcia,liam.garcia222@gmail.com,021-890-4048,8 Johnson Court Newmarket,10/08/1958
223,Noah,Martin,noah.martin223@gmail.com,021-345-9289,62 Garcia Place Riccarton,25/04/1956
224,Alexander,Martinez,alexander.martinez224@gmail.com,021-832-4918,180 Lopez Place Grey Lynn,07/11/1972
225,William,Smith,william.smith225@gmail.com,021-561-4262,81 Hernandez Street Grey Lynn,21/02/1968
226,Noah,Anderson,noah.anderson226@gmail.com,021-710-1574,141 Smith Crescent Remuera,27/09/1966
227,Henry,Jones,henry.jones227@gmail.com,021-888-7911,68 Wilson Place Remuera,25/05/1960
228,James,Hernandez,james.hernandez228@gmail.com,021-699-7185,181 Jackson Place Remuera,27/10/2006
229,Charlotte,Jackson,charlotte.jackson229@gmail.com,021-381-8173,165 Jones Crescent Riccarton,20/07/1968
230,Oliver,Jackson,oliver.jackson230@gmail.com,021-437-6116,222 Johnson Court Grey Lynn,31/08/2008
231,Evelyn,Williams,evelyn.williams231@gmail.com,021-319-2886,87 Jones Drive Newmarket,11/06/2005
232,Emma,Thomas,emma.thomas232@gmail.com,021-190-6733,43 Martinez Drive Mount Eden,25/01/2000
233,Liam,Hernandez,liam.hernandez233@gmail.com,021-881-4510,65 Wilson Street Newmarket,13/01/1996
234,Ava,Miller,ava.miller234@gmail.com,021-761-3573,92 Gonzalez Road Mount Eden,01/01/1992
235,James,Jackson,james.jackson235@gmail.com,021-256-7615,247 Taylor Crescent Papatoetoe,20/07/1995
236,Liam,Anderson,liam.anderson236@gmail.com,021-480-7279,167 Wilson Place Grey Lynn,07/04/1972
237,Sophia,Lopez,sophia.lopez237@gmail.com,021-180-8614,18 Brown Crescent Albany,11/06/1988
238,Ava,Garcia,ava.garcia238@gmail.com,021-153-8216,27 Brown Avenue Henderson,16/12/1993
239,Mia,Hernandez,mia.hernandez239@gmail.com,021-982-6470,193 Williams Street Riccarton,21/12/1999
240,Emma,Lopez,emma.lopez240@gmail.com,021-540-7386,17 Rodriguez Avenue Riccarton,16/06/1976
241,Evelyn,Miller,evelyn.miller241@gmail.com,021-315-1117,203 Johnson Crescent Karori,20/04/1995
242,Oliver,Anderson,oliver.anderson242@gmail.com,021-128-5837,228 Rodriguez Drive Karori,05/11/1989
243,Charlotte,Moore,charlotte.moore243@gmail.com,021-891-7873,142 Davis Place Papatoetoe,27/02/1959
244,Amelia,Taylor,amelia.taylor244@gmail.com,021-777-8448,124 Smith Place Grey Lynn,20/01/1977
245,Elijah,Williams,elijah.williams245@gmail.com,021-310-3952,163 Smith Street Manukau,11/01/1988
246,Benjamin,Rodriguez,benjamin.rodriguez246@gmail.com,021-468-3012,228 Smith Road Papatoetoe,22/02/1984
247,Lucas,Jackson,lucas.jackson247@gmail.com,021-369-8753,38 Gonzalez Court Karori,07/05/1996
248,Liam,Garcia,liam.garcia248@gmail.com,021-712-6166,177 Rodriguez Avenue Grey Lynn,17/04/2003
249,Liam,Wilson,liam.wilson249@gmail.com,021-398-4921,86 Williams Avenue Albany,30/10/1958
250,Mia,Jackson,mia.jackson250@gmail.com,021-882-8050,186 Johnson Crescent Albany,25/08/1987
251,Amelia,Martinez,amelia.martinez251@gmail.com,021-594-7061,115 Garcia Court Ponsonby,25/03/2009
252,William,Rodriguez,william.rodriguez252@gmail.com,021-222-7200,217 Lopez Court Riccarton,19/08/1982
253,Charlotte,Wilson,charlotte.wilson253@gmail.com,021-563-6885,243 Jackson Drive Ponsonby,08/09/1994
254,Mia,Wilson,mia.wilson254@gmail.com,021-998-5356,87 Thomas Crescent Papatoetoe,05/07/1998
255,Evelyn,Lopez,evelyn.lopez255@gmail.com,021-382-2701,51 Jackson Street Manukau,21/03/1959
256,James,Moore,james.moore256@gmail.com,021-387-3920,33 Brown Place Riccarton,02/11/2008
257,Isabella,Thomas,isabella.thomas257@gmail.com,021-145-5625,191 Rodriguez Court Manukau,22/10/2010
258,Liam,Gonzalez,liam.gonzalez258@gmail.com,021-448-7593,148 Martin Place Mount Eden,20/04/2000
259,Henry,Lopez,henry.lopez259@gmail.com,021-616-7701,189 Moore Road Remuera,17/12/1971
260,Sophia,Smith,sophia.smith260@gmail.com,021-562-1677,87 Lopez Court Te Aro,15/08/1964
261,Lucas,Smith,lucas.smith261@gmail.com,021-906-2871,154 Gonzalez Crescent Henderson,18/10/1962
262,Olivia,Garcia,olivia.garcia262@gmail.com,021-566-1970,48 Moore Drive Grey Lynn,14/01/1963
263,Ava,Lopez,ava.lopez263@gmail.com,021-864-3435,179 Lopez Drive Ponsonby,19/06/1976
264,Harper,Taylor,harper.taylor264@gmail.com,021-158-7762,222 Brown Place Papatoetoe,12/10/1982
265,Amelia,Lopez,amelia.lopez265@gmail.com,021-393-3767,232 Martin Street Papatoetoe,23/10/1995
266,Lucas,Martinez,lucas.martinez266@gmail.com,021-846-6275,99 Brown Street Henderson,28/06/1984
267,Elijah,Williams,elijah.williams267@gmail.com,021-358-7078,22 Miller Road Te Aro,07/10/1997
268,Isabella,Jones,isabella.jones268@gmail.com,021-681-7825,223 Miller Court Ponsonby,09/12/2005
269,Liam,Davis,liam.davis269@gmail.com,021-747-1227,154 Jones Court Te Aro,12/12/1972
270,Sophia,Miller,sophia.miller270@gmail.com,021-985-5402,235 Anderson Drive Remuera,29/07/2010
271,Olivia,Williams,olivia.williams271@gmail.com,021-522-5734,124 Jackson Drive Newmarket,05/01/1977
272,Emma,Brown,emma.brown272@gmail.com,021-222-1652,77 Wilson Drive Albany,10/11/1964
273,Isabella,Martinez,isabella.martinez273@gmail.com,021-741-5490,234 Wilson Avenue Remuera,15/01/1984
274,Amelia,Miller,amelia.miller274@gmail.com,021-223-4205,24 Miller Drive Henderson,12/10/1988
275,James,Wilson,james.wilson275@gmail.com,021-594-3805,217 Gonzalez Avenue Papatoetoe,31/05/1962
276,Oliver,Wilson,oliver.wilson276@gmail.com,021-572-5190,20 Brown Street Remuera,06/10/1991
277,Charlotte,Hernandez,charlotte.hernandez277@gmail.com,021-372-3275,54 Wilson Avenue Albany,02/03/1977
278,Mia,Davis,mia.davis278@gmail.com,021-587-7052,12 Martin Crescent Karori,12/10/1971
279,Lucas,Miller,lucas.miller279@gmail.com,021-456-9894,19 Martinez Place Mount Eden,18/09/1956
280,Elijah,Davis,elijah.davis280@gmail.com,021-877-2416,69 Brown Drive Ponsonby,08/06/1984
281,James,Jackson,james.jackson281@gmail.com,021-335-6509,48 Brown Court Karori,22/12/1977
282,Olivia,Garcia,olivia.garcia282@gmail.com,021-966-6368,62 Moore Street Remuera,04/05/1998
283,Emma,Williams,emma.williams283@gmail.com,021-981-4696,3 Moore Avenue Manukau,15/04/1970
284,Harper,Taylor,harper.taylor284@gmail.com,021-142-2652,85 Lopez Place Mount Eden,07/10/1984
285,Sophia,Taylor,sophia.taylor285@gmail.com,021-112-9684,130 Rodriguez Place Mount Eden,20/04/1997
286,Emma,Garcia,emma.garcia286@gmail.com,021-103-6577,74 Taylor Avenue Manukau,24/01/2011
287,Oliver,Miller,oliver.miller287@gmail.com,021-105-7200,172 Gonzalez Avenue Te Aro,04/10/1974
288,William,Anderson,william.anderson288@gmail.com,021-854-5740,16 Miller Drive Henderson,25/12/1969
289,Isabella,Martin,isabella.martin289@gmail.com,021-827-3594,185 Jones Place Remuera,25/08/1968
290,William,Martinez,william.martinez290@gmail.com,021-752-8920,227 Taylor Court Karori,15/11/1976
291,Lucas,Wilson,lucas.wilson291@gmail.com,021-686-4996,209 Garcia Road Mount Eden,19/02/2003
292,Olivia,Martinez,olivia.martinez292@gmail.com,021-727-3446,99 Martinez Place Grey Lynn,17/03/1973
293,Sophia,Smith,sophia.smith293@gmail.com,021-310-2956,101 Taylor Street Henderson,15/11/2010
294,Oliver,Moore,oliver.moore294@gmail.com,021-418-1321,143 Anderson Court Papatoetoe,31/05/2002
295,Oliver,Moore,oliver.moore295@gmail.com,021-846-9319,224 Anderson Place Grey Lynn,23/06/1994
296,Ava,Gonzalez,ava.gonzalez296@gmail.com,021-144-7302,140 Hernandez Court Newmarket,24/09/2006
297,Alexander,Gonzalez,alexander.gonzalez297@gmail.com,021-264-6709,139 Miller Road Newmarket,08/10/1997
298,Elijah,Moore,elijah.moore298@gmail.com,021-474-9849,39 Williams Drive Te Aro,29/05/1997
299,Benjamin,Miller,benjamin.miller299@gmail.com,021-464-1940,147 Williams Court Newmarket,06/10/2006
300,Evelyn,Hernandez,evelyn.hernandez300@gmail.com,021-288-6034,66 Davis Road Papatoetoe,25/03/2003
301,Mia,Smith,mia.smith301@gmail.com,021-328-6810,71 Rodriguez Road Manukau,26/09/1957
302,Olivia,Martin,olivia.martin302@gmail.com,021-345-5063,227 Anderson Road Karori,31/05/1976
303,Harper,Jones,harper.jones303@gmail.com,021-543-1936,42 Rodriguez Crescent Grey Lynn,30/05/1977
304,James,Johnson,james.johnson304@gmail.com,021-394-1690,183 Williams Crescent Papatoetoe,03/10/1991
305,Amelia,Martin,amelia.martin305@gmail.com,021-826-3918,234 Wilson Street Henderson,05/04/1985
306,Noah,Brown,noah.brown306@gmail.com,021-996-7747,118 Moore Road Riccarton,23/10/2005
307,Evelyn,Martin,evelyn.martin307@gmail.com,021-215-8076,66 Jackson Place Papatoetoe,18/09/1973
308,William,Garcia,william.garcia308@gmail.com,021-953-6622,204 Garcia Court Grey Lynn,01/09/1980
309,William,Smith,william.smith309@gmail.com,021-284-3730,37 Williams Drive Remuera,09/03/2002
310,Charlotte,Anderson,charlotte.anderson310@gmail.com,021-625-2844,194 Williams Place Newmarket,26/04/1961
311,Henry,Gonzalez,henry.gonzalez311@gmail.com,021-264-8099,206 Lopez Drive Albany,21/02/2005
312,Elijah,Davis,elijah.davis312@gmail.com,021-399-8757,185 Brown Drive Te Aro,28/06/1977
313,Liam,Brown,liam.brown313@gmail.com,021-105-6496,221 Davis Road Ponsonby,23/11/1964
314,Harper,Wilson,harper.wilson314@gmail.com,021-854-4343,14 Rodriguez Avenue Manukau,10/10/1983
315,Noah,Lopez,noah.lopez315@gmail.com,021-566-7916,203 Garcia Place Grey Lynn,07/02/1965
316,Ava,Jackson,ava.jackson316@gmail.com,021-535-8787,9 Miller Avenue Manukau,21/11/2006
317,William,Moore,william.moore317@gmail.com,021-259-7374,218 Thomas Crescent Papatoetoe,15/01/2003
318,Elijah,Martin,elijah.martin318@gmail.com,021-759-7884,234 Miller Road Newmarket,25/06/1975
319,Benjamin,Jones,benjamin.jones319@gmail.com,021-776-4148,18 Smith Drive Newmarket,21/06/1976
320,Oliver,Brown,oliver.brown320@gmail.com,021-979-5492,229 Miller Drive Riccarton,02/02/1992
321,Emma,Taylor,emma.taylor321@gmail.com,021-727-8859,161 Martin Drive Manukau,25/01/1971
322,Evelyn,Rodriguez,evelyn.rodriguez322@gmail.com,021-998-2337,186 Martin Crescent Mount Eden,12/02/1983
323,Henry,Wilson,henry.wilson323@gmail.com,021-844-8431,58 Anderson Road Mount Eden,13/12/2002
324,Henry,Hernandez,henry.hernandez324@gmail.com,021-709-7830,45 Martin Drive Papatoetoe,17/06/1995
325,Alexander,Jones,alexander.jones325@gmail.com,021-118-4900,70 Miller Court Manukau,29/10/1988
326,Charlotte,Anderson,charlotte.anderson326@gmail.com,021-927-5284,192 Gonzalez Street Newmarket,20/05/1981
327,Mia,Lopez,mia.lopez327@gmail.com,021-167-3115,246 Martinez Crescent Manukau,12/09/1956
328,Isabella,Miller,isabella.miller328@gmail.com,021-130-8312,48 Wilson Court Albany,25/07/1971
329,Evelyn,Martinez,evelyn.martinez329@gmail.com,021-556-1066,182 Jackson Court Manukau,21/03/1996
330,James,Wilson,james.wilson330@gmail.com,021-365-3859,30 Martin Court Albany,11/02/1958
331,Emma,Anderson,emma.anderson331@gmail.com,021-307-7943,206 Martinez Street Mount Eden,05/11/1974
332,Charlotte,Davis,charlotte.davis332@gmail.com,021-891-8876,2 Rodriguez Drive Mount Eden,23/06/1980
333,Charlotte,Thomas,charlotte.thomas333@gmail.com,021-666-6289,189 Williams Drive Manukau,19/02/1976
334,Alexander,Jackson,alexander.jackson334@gmail.com,021-108-7273,184 Smith Avenue Karori,07/11/1985
335,William,Johnson,william.johnson335@gmail.com,021-143-9137,30 Smith Avenue Ponsonby,30/05/1964
336,Henry,Thomas,henry.thomas336@gmail.com,021-647-9342,64 Johnson Crescent Mount Eden,15/12/1969
337,Elijah,Martinez,elijah.martinez337@gmail.com,021-523-9306,213 Smith Drive Te Aro,23/08/1977
338,Henry,Garcia,henry.garcia338@gmail.com,021-495-5450,73 Jackson Avenue Grey Lynn,23/06/1980
339,Sophia,Brown,sophia.brown339@gmail.com,021-121-4559,121 Williams Street Riccarton,29/12/1985
340,Henry,Jones,henry.jones340@gmail.com,021-679-3994,102 Martinez Place Manukau,20/10/1956
341,Amelia,Jackson,amelia.jackson341@gmail.com,021-961-2597,51 Moore Street Albany,07/02/1978
342,Emma,Moore,emma.moore342@gmail.com,021-199-2021,121 Wilson Street Karori,25/03/1974
343,Sophia,Moore,sophia.moore343@gmail.com,021-299-9300,227 Anderson Place Grey Lynn,13/03/2009
344,Emma,Davis,emma.davis344@gmail.com,021-882-3763,88 Jackson Place Manukau,25/05/1971
345,Amelia,Jackson,amelia.jackson345@gmail.com,021-943-1910,170 Wilson Avenue Karori,24/06/1973
346,Emma,Taylor,emma.taylor346@gmail.com,021-538-9603,43 Rodriguez Street Te Aro,03/07/1974
347,Lucas,Martinez,lucas.martinez347@gmail.com,021-664-5344,12 Miller Crescent Mount Eden,26/12/1982
348,Harper,Hernandez,harper.hernandez348@gmail.com,021-267-3309,196 Hernandez Road Henderson,22/11/1977
349,Ava,Davis,ava.davis349@gmail.com,021-501-3519,14 Gonzalez Street Remuera,19/06/1961
350,Liam,Thomas,liam.thomas350@gmail.com,021-320-9148,108 Anderson Crescent Manukau,25/06/1957
351,Liam,Wilson,liam.wilson351@gmail.com,021-276-5861,64 Garcia Street Papatoetoe,28/01/1960
352,Evelyn,Jones,evelyn.jones352@gmail.com,021-856-3577,114 Garcia Road Ponsonby,08/05/1957
353,Harper,Martin,harper.martin353@gmail.com,021-661-6012,41 Williams Avenue Manukau,09/10/1983
354,William,Davis,william.davis354@gmail.com,021-610-7489,233 Taylor Court Papatoetoe,13/10/2007
355,Elijah,Brown,elijah.brown355@gmail.com,021-694-7488,138 Johnson Place Riccarton,02/05/1973
356,Emma,Garcia,emma.garcia356@gmail.com,021-943-5954,119 Taylor Street Newmarket,05/07/2007
357,Alexander,Smith,alexander.smith357@gmail.com,021-396-3680,233 Anderson Place Ponsonby,19/10/1983
358,Olivia,Rodriguez,olivia.rodriguez358@gmail.com,021-583-2523,130 Williams Court Mount Eden,25/04/1996
359,Isabella,Williams,isabella.williams359@gmail.com,021-776-4537,241 Taylor Avenue Manukau,15/04/1999
360,Ava,Anderson,ava.anderson360@gmail.com,021-531-8561,238 Rodriguez Place Ponsonby,01/08/1976
361,Mia,Rodriguez,mia.rodriguez361@gmail.com,021-120-2648,113 Moore Place Newmarket,02/06/1970
362,Oliver,Wilson,oliver.wilson362@gmail.com,021-233-7470,30 Hernandez Crescent Mount Eden,28/07/1977
363,Oliver,Martinez,oliver.martinez363@gmail.com,021-953-8396,198 Moore Court Papatoetoe,05/03/2002
364,Noah,Anderson,noah.anderson364@gmail.com,021-855-2213,173 Brown Road Remuera,15/07/1975
365,Amelia,Smith,amelia.smith365@gmail.com,021-880-1018,77 Martin Court Henderson,13/06/1968
366,Henry,Brown,henry.brown366@gmail.com,021-991-1724,186 Smith Place Henderson,20/01/1995
367,William,Hernandez,william.hernandez367@gmail.com,021-872-7303,185 Lopez Road Karori,06/02/1960
368,Olivia,Jones,olivia.jones368@gmail.com,021-769-6143,136 Lopez Avenue Henderson,19/07/1996
369,Isabella,Davis,isabella.davis369@gmail.com,021-629-3054,3 Anderson Crescent Henderson,13/02/2007
370,Harper,Rodriguez,harper.rodriguez370@gmail.com,021-643-1595,64 Rodriguez Street Riccarton,26/11/2005
371,Amelia,Johnson,amelia.johnson371@gmail.com,021-617-6715,234 Thomas Court Grey Lynn,03/06/1970
372,Emma,Brown,emma.brown372@gmail.com,021-748-8897,168 Rodriguez Court Manukau,10/03/1993
373,Liam,Brown,liam.brown373@gmail.com,021-681-8984,209 Gonzalez Street Riccarton,25/10/1995
374,Olivia,Williams,olivia.williams374@gmail.com,021-502-4311,93 Garcia Avenue Henderson,20/03/1989
375,Harper,Lopez,harper.lopez375@gmail.com,021-175-8485,143 Gonzalez Street Manukau,26/12/1997
376,Elijah,Johnson,elijah.johnson376@gmail.com,021-899-6876,24 Anderson Place Albany,23/11/1991
377,Evelyn,Williams,evelyn.williams377@gmail.com,021-192-9645,54 Davis Drive Riccarton,14/01/1982
378,Amelia,Brown,amelia.brown378@gmail.com,021-495-2759,167 Gonzalez Avenue Grey Lynn,18/05/1969
379,Olivia,Thomas,olivia.thomas379@gmail.com,021-242-9205,103 Hernandez Drive Albany,31/07/1998
380,Amelia,Thomas,amelia.thomas380@gmail.com,021-426-8625,249 Rodriguez Crescent Grey Lynn,04/11/1974
381,Amelia,Gonzalez,amelia.gonzalez381@gmail.com,021-543-3744,142 Miller Crescent Newmarket,30/01/1971
382,Ava,Hernandez,ava.hernandez382@gmail.com,021-264-4645,93 Williams Place Te Aro,15/08/1975
383,Emma,Hernandez,emma.hernandez383@gmail.com,021-169-1609,189 Gonzalez Road Ponsonby,25/03/2002
384,Emma,Moore,emma.moore384@gmail.com,021-549-2896,55 Lopez Avenue Ponsonby,03/02/1964
385,Henry,Jones,henry.jones385@gmail.com,021-531-9049,58 Brown Street Karori,25/07/1974
386,Noah,Jones,noah.jones386@gmail.com,021-870-1116,57 Johnson Street Karori,17/07/1959
387,James,Gonzalez,james.gonzalez387@gmail.com,021-123-2879,84 Davis Place Mount Eden,28/07/1984
388,Noah,Smith,noah.smith388@gmail.com,021-145-8698,247 Taylor Drive Karori,13/12/1973
389,Oliver,Williams,oliver.williams389@gmail.com,021-411-4014,32 Williams Street Ponsonby,27/05/1965
390,Evelyn,Thomas,evelyn.thomas390@gmail.com,021-494-3497,85 Johnson Drive Manukau,09/02/1982
391,Ava,Taylor,ava.taylor391@gmail.com,021-425-8670,204 Brown Court Manukau,12/02/1987
392,Liam,Davis,liam.davis392@gmail.com,021-198-8516,3 Wilson Road Riccarton,04/12/2008
393,Benjamin,Johnson,benjamin.johnson393@gmail.com,021-413-5190,218 Rodriguez Place Te Aro,15/10/2004
394,Oliver,Hernandez,oliver.hernandez394@gmail.com,021-783-4482,224 Wilson Place Manukau,08/04/1959
395,Oliver,Anderson,oliver.anderson395@gmail.com,021-759-4547,99 Miller Avenue Manukau,21/05/1971
396,Elijah,Gonzalez,elijah.gonzalez396@gmail.com,021-670-6589,180 Jones Place Henderson,25/08/1980
397,Emma,Hernandez,emma.hernandez397@gmail.com,021-351-4414,161 Martinez Crescent Ponsonby,19/11/2003
398,William,Thomas,william.thomas398@gmail.com,021-620-9734,181 Gonzalez Road Karori,31/03/1975
399,James,Anderson,james.anderson399@gmail.com,021-452-7362,243 Martinez Street Papatoetoe,30/04/2007
400,Mia,Martin,mia.martin400@gmail.com,021-165-3514,173 Thomas Drive Riccarton,03/08/1998
401,Benjamin,Williams,benjamin.williams401@gmail.com,021-213-1456,247 Gonzalez Drive Te Aro,26/10/1965
402,Sophia,Lopez,sophia.lopez402@gmail.com,021-765-4099,52 Jackson Court Ponsonby,16/12/1980
403,Benjamin,Smith,benjamin.smith403@gmail.com,021-313-7927,172 Smith Street Te Aro,11/03/1966
404,Evelyn,Thomas,evelyn.thomas404@gmail.com,021-527-1523,194 Jones Drive Remuera,03/09/1986
405,Emma,Jackson,emma.jackson405@gmail.com,021-816-2199,94 Moore Drive Papatoetoe,06/07/1958
406,Noah,Garcia,noah.garcia406@gmail.com,021-892-7033,232 Wilson Drive Te Aro,09/01/2011
407,Alexander,Smith,alexander.smith407@gmail.com,021-163-9469,86 Brown Court Remuera,07/12/1971
408,Henry,Brown,henry.brown408@gmail.com,021-425-9862,152 Anderson Drive Henderson,16/12/1993
409,Harper,Thomas,harper.thomas409@gmail.com,021-603-7967,140 Miller Drive Grey Lynn,17/10/1966
410,Charlotte,Brown,charlotte.brown410@gmail.com,021-652-3417,178 Brown Court Papatoetoe,24/12/1990
411,Liam,Brown,liam.brown411@gmail.com,021-991-7011,197 Hernandez Drive Riccarton,22/05/1975
412,Oliver,Hernandez,oliver.hernandez412@gmail.com,021-123-4058,3 Thomas Street Manukau,10/04/1978
413,Liam,Brown,liam.brown413@gmail.com,021-892-5431,95 Hernandez Avenue Papatoetoe,01/03/2007
414,Sophia,Miller,sophia.miller414@gmail.com,021-313-1883,95 Anderson Place Riccarton,15/02/1998
415,Olivia,Lopez,olivia.lopez415@gmail.com,021-679-1096,216 Brown Crescent Henderson,03/04/1993
416,Emma,Jones,emma.jones416@gmail.com,021-246-6118,117 Williams Place Albany,26/05/1970
417,Elijah,Anderson,elijah.anderson417@gmail.com,021-836-1487,183 Thomas Drive Papatoetoe,01/01/1989
418,Evelyn,Gonzalez,evelyn.gonzalez418@gmail.com,021-872-5866,249 Jackson Place Papatoetoe,25/05/1976
419,Amelia,Johnson,amelia.johnson419@gmail.com,021-960-4813,232 Davis Place Mount Eden,28/08/1959
420,Ava,Moore,ava.moore420@gmail.com,021-776-2280,132 Martinez Street Karori,02/10/1970
421,Harper,Jackson,harper.jackson421@gmail.com,021-812-1629,236 Gonzalez Drive Papatoetoe,16/01/1972
422,Benjamin,Thomas,benjamin.thomas422@gmail.com,021-126-1836,219 Brown Road Henderson,07/01/1971
423,Lucas,Anderson,lucas.anderson423@gmail.com,021-337-6780,174 Taylor Road Karori,11/11/1957
424,Amelia,Smith,amelia.smith424@gmail.com,021-476-3612,38 Davis Street Manukau,04/07/1993
425,Ava,Martinez,ava.martinez425@gmail.com,021-555-8442,67 Wilson Crescent Karori,28/04/2004
426,James,Anderson,james.anderson426@gmail.com,021-600-3267,219 Davis Court Manukau,04/06/1983
427,Ava,Williams,ava.williams427@gmail.com,021-252-5384,2 Gonzalez Place Ponsonby,06/07/1983
428,William,Jackson,william.jackson428@gmail.com,021-650-9966,82 Hernandez Drive Grey Lynn,16/12/1958
429,Noah,Williams,noah.williams429@gmail.com,021-627-7800,185 Martin Court Mount Eden,09/06/1957
430,Oliver,Jones,oliver.jones430@gmail.com,021-176-5678,23 Johnson Crescent Albany,21/04/1984
431,Noah,Lopez,noah.lopez431@gmail.com,021-657-4009,215 Lopez Street Manukau,06/01/1967
432,Lucas,Martin,lucas.martin432@gmail.com,021-777-3651,101 Smith Drive Henderson,09/07/1970
433,Lucas,Johnson,lucas.johnson433@gmail.com,021-507-1525,126 Rodriguez Avenue Karori,08/12/1993
434,Charlotte,Taylor,charlotte.taylor434@gmail.com,021-241-5898,15 Williams Place Te Aro,06/02/1962
435,Charlotte,Davis,charlotte.davis435@gmail.com,021-194-2550,30 Garcia Place Te Aro,30/11/1963
436,Oliver,Rodriguez,oliver.rodriguez436@gmail.com,021-250-1400,60 Martin Court Ponsonby,05/10/1975
437,Liam,Martinez,liam.martinez437@gmail.com,021-247-4810,90 Wilson Court Te Aro,23/02/2005
438,Isabella,Rodriguez,isabella.rodriguez438@gmail.com,021-968-5407,92 Thomas Drive Papatoetoe,20/07/1962
439,Lucas,Jackson,lucas.jackson439@gmail.com,021-808-9393,128 Williams Place Manukau,25/08/1997
440,Ava,Anderson,ava.anderson440@gmail.com,021-731-8960,195 Williams Place Henderson,23/07/1968
441,Alexander,Davis,alexander.davis441@gmail.com,021-184-8225,186 Martin Avenue Albany,26/04/1995
442,Olivia,Hernandez,olivia.hernandez442@gmail.com,021-639-3455,177 Smith Place Te Aro,05/01/1992
443,Liam,Lopez,liam.lopez443@gmail.com,021-643-9324,213 Davis Street Henderson,13/01/1999
444,William,Jones,william.jones444@gmail.com,021-544-6377,69 Jackson Court Remuera,29/04/1986
445,Ava,Jones,ava.jones445@gmail.com,021-130-9284,121 Moore Court Te Aro,25/03/1972
446,Elijah,Martinez,elijah.martinez446@gmail.com,021-414-4991,160 Davis Road Mount Eden,18/01/2001
447,Noah,Wilson,noah.wilson447@gmail.com,021-188-5806,99 Davis Street Newmarket,31/12/2002
448,Harper,Garcia,harper.garcia448@gmail.com,021-999-3172,14 Garcia Drive Ponsonby,04/12/1989
449,Benjamin,Miller,benjamin.miller449@gmail.com,021-785-2752,168 Taylor Road Albany,30/06/1961
450,Noah,Garcia,noah.garcia450@gmail.com,021-720-3648,43 Jackson Drive Henderson,09/08/1957
451,Ava,Thomas,ava.thomas451@gmail.com,021-679-3091,183 Taylor Place Karori,19/02/1995
452,Henry,Brown,henry.brown452@gmail.com,021-456-4153,100 Johnson Drive Remuera,25/10/1995
453,Mia,Rodriguez,mia.rodriguez453@gmail.com,021-256-6193,99 Rodriguez Crescent Albany,26/12/1973
454,Alexander,Johnson,alexander.johnson454@gmail.com,021-727-1084,137 Smith Avenue Mount Eden,21/09/1966
455,Ava,Williams,ava.williams455@gmail.com,021-178-7351,67 Brown Drive Mount Eden,21/08/1968
456,Emma,Hernandez,emma.hernandez456@gmail.com,021-589-7182,170 Martinez Street Henderson,04/03/1998
457,William,Hernandez,william.hernandez457@gmail.com,021-981-2020,149 Martin Drive Papatoetoe,28/02/1989
458,Ava,Garcia,ava.garcia458@gmail.com,021-905-6463,36 Moore Drive Grey Lynn,16/10/2006
459,Benjamin,Martin,benjamin.martin459@gmail.com,021-709-6411,126 Martinez Avenue Manukau,02/09/2006
460,Olivia,Jones,olivia.jones460@gmail.com,021-128-2667,188 Brown Crescent Henderson,29/05/2007
461,Amelia,Rodriguez,amelia.rodriguez461@gmail.com,021-213-8504,66 Anderson Road Grey Lynn,27/09/1978
462,Harper,Gonzalez,harper.gonzalez462@gmail.com,021-457-5042,105 Miller Road Albany,20/09/1987
463,Evelyn,Smith,evelyn.smith463@gmail.com,021-786-8002,29 Miller Road Remuera,10/01/1998
464,Mia,Jackson,mia.jackson464@gmail.com,021-909-6035,147 Martin Avenue Newmarket,29/08/1958
465,Henry,Jackson,henry.jackson465@gmail.com,021-989-7938,84 Hernandez Court Remuera,07/02/1978
466,Noah,Smith,noah.smith466@gmail.com,021-174-3398,239 Smith Drive Grey Lynn,05/09/1971
467,Henry,Taylor,henry.taylor467@gmail.com,021-824-1598,237 Davis Avenue Remuera,20/08/1996
468,Olivia,Martinez,olivia.martinez468@gmail.com,021-404-7372,86 Brown Drive Albany,23/04/1963
469,Alexander,Garcia,alexander.garcia469@gmail.com,021-311-2196,94 Williams Avenue Henderson,02/03/2000
470,Liam,Jackson,liam.jackson470@gmail.com,021-213-7802,175 Brown Avenue Manukau,26/01/1981
471,Emma,Brown,emma.brown471@gmail.com,021-728-9162,247 Wilson Road Grey Lynn,22/09/1965
472,James,Thomas,james.thomas472@gmail.com,021-970-3160,81 Garcia Avenue Te Aro,29/05/1961
473,Lucas,Moore,lucas.moore473@gmail.com,021-315-1686,207 Miller Street Karori,12/08/1977
474,Oliver,Thomas,oliver.thomas474@gmail.com,021-632-4633,86 Smith Road Mount Eden,09/02/1983
475,Harper,Smith,harper.smith475@gmail.com,021-265-2219,69 Taylor Road Mount Eden,07/02/1957
476,Evelyn,Martin,evelyn.martin476@gmail.com,021-103-3646,54 Jackson Street Remuera,20/07/1980
477,Liam,Miller,liam.miller477@gmail.com,021-372-6525,162 Miller Court Karori,12/02/1985
478,Charlotte,Anderson,charlotte.anderson478@gmail.com,021-244-7200,189 Wilson Court Remuera,17/08/1982
479,William,Moore,william.moore479@gmail.com,021-917-1147,97 Garcia Avenue Henderson,23/08/1978
480,Sophia,Garcia,sophia.garcia480@gmail.com,021-168-6823,210 Martinez Place Albany,18/10/1959
481,Ava,Taylor,ava.taylor481@gmail.com,021-339-6174,137 Rodriguez Street Mount Eden,25/02/2002
482,Olivia,Wilson,olivia.wilson482@gmail.com,021-825-1951,231 Thomas Crescent Riccarton,01/03/2002
483,Lucas,Wilson,lucas.wilson483@gmail.com,021-205-9724,116 Davis Avenue Henderson,22/04/2007
484,Mia,Jackson,mia.jackson484@gmail.com,021-467-2830,75 Thomas Crescent Manukau,02/02/1968
485,Harper,Miller,harper.miller485@gmail.com,021-409-1887,216 Moore Court Newmarket,30/01/1992
486,Ava,Anderson,ava.anderson486@gmail.com,021-948-1296,113 Jackson Road Papatoetoe,01/10/1961
487,Isabella,Rodriguez,isabella.rodriguez487@gmail.com,021-688-3017,36 Jackson Court Albany,15/02/1975
488,Amelia,Garcia,amelia.garcia488@gmail.com,021-749-4445,220 Moore Road Remuera,25/02/1981
489,Alexander,Anderson,alexander.anderson489@gmail.com,021-106-6528,241 Taylor Street Mount Eden,21/09/1965
490,Henry,Davis,henry.davis490@gmail.com,021-294-8576,19 Brown Avenue Mount Eden,10/03/1971
491,Elijah,Jackson,elijah.jackson491@gmail.com,021-124-8533,236 Davis Road Newmarket,28/12/1962
492,Benjamin,Jones,benjamin.jones492@gmail.com,021-991-1043,249 Brown Place Remuera,09/07/1962
493,Liam,Jackson,liam.jackson493@gmail.com,021-517-6188,183 Gonzalez Avenue Henderson,20/10/2010
494,Sophia,Jones,sophia.jones494@gmail.com,021-987-2640,179 Miller Road Grey Lynn,15/12/1977
495,Olivia,Anderson,olivia.anderson495@gmail.com,021-170-6390,223 Lopez Road Remuera,14/01/1974
496,Amelia,Gonzalez,amelia.gonzalez496@gmail.com,021-325-9503,46 Jackson Road Manukau,28/04/1977
497,Lucas,Taylor,lucas.taylor497@gmail.com,021-546-8053,32 Brown Place Albany,07/05/2006
498,Evelyn,Martin,evelyn.martin498@gmail.com,021-646-7978,46 Miller Drive Newmarket,13/08/1991
499,Liam,Martinez,liam.martinez499@gmail.com,021-819-6166,245 Martin Place Albany,13/01/1977
500,Sophia,Davis,sophia.davis500@gmail.com,021-705-6306,59 Martinez Avenue Riccarton,27/03/1996
