StaffID,StaffFirstName,StaffLastName,StaffEmail,StaffPhoneNumber,StaffAddress,StaffDOB
01,Evelyn,Rodriguez,evelyn.rodriguez@biltongbites.co.nz,027-750-5307,139 Wilson Drive Grey Lynn,10/10/1970
02,James,Hernandez,james.hernandez@biltongbites.co.nz,027-156-5046,175 Williams Drive Manukau,02/12/1997
03,James,Williams,james.williams@biltongbites.co.nz,027-254-5555,79 Anderson Court Remuera,15/10/1971
04,Charlotte,Anderson,charlotte.anderson@biltongbites.co.nz,027-285-7434,124 Smith Street Manukau,29/03/1973
05,Amelia,Smith,amelia.smith@biltongbites.co.nz,027-681-6909,102 Williams Place Te Aro,07/11/1995
06,Harper,Brown,harper.brown@biltongbites.co.nz,027-405-5466,164 Lopez Street Papatoetoe,13/04/1983
07,Liam,Thomas,liam.thomas@biltongbites.co.nz,027-736-5697,56 Lopez Street Riccarton,25/08/1973
08,Sophia,Lopez,sophia.lopez@biltongbites.co.nz,027-382-4089,220 Jackson Place Remuera,02/12/1961
09,Elijah,Martinez,elijah.martinez@biltongbites.co.nz,027-774-5600,87 Williams Drive Ponsonby,21/07/1969
10,Ava,Brown,ava.brown@biltongbites.co.nz,027-348-2522,240 Jones Street Karori,02/02/1976
11,Oliver,Jackson,oliver.jackson@biltongbites.co.nz,027-326-1809,115 Lopez Crescent Henderson,14/07/2003
12,Benjamin,Williams,benjamin.williams@biltongbites.co.nz,027-635-1769,129 Smith Street Henderson,27/05/1970
13,Alexander,Wilson,alexander.wilson@biltongbites.co.nz,027-687-5362,211 Jackson Avenue Manukau,28/04/2004
14,Liam,Jackson,liam.jackson@biltongbites.co.nz,027-745-6552,191 Jones Crescent Te Aro,25/08/1983
15,William,Gonzalez,william.gonzalez@biltongbites.co.nz,027-892-2497,132 Hernandez Place Te Aro,04/05/1961
16,William,Davis,william.davis@biltongbites.co.nz,027-784-5520,70 Martinez Place Manukau,28/01/1965
17,Harper,Brown,harper.brown@biltongbites.co.nz,027-790-8840,151 Miller Crescent Te Aro,01/12/2003
18,Elijah,Taylor,elijah.taylor@biltongbites.co.nz,027-204-4553,192 Hernandez Crescent Te Aro,29/03/1977
19,Elijah,Martinez,elijah.martinez@biltongbites.co.nz,027-302-5010,17 Thomas Avenue Albany,13/11/1985
20,Henry,Martin,henry.martin@biltongbites.co.nz,027-278-7908,247 Jones Avenue Riccarton,26/03/1966
21,Sophia,Gonzalez,sophia.gonzalez@biltongbites.co.nz,027-473-2513,167 Rodriguez Place Te Aro,09/04/1964
22,Isabella,Thomas,isabella.thomas@biltongbites.co.nz,027-865-1819,141 Martinez Street Riccarton,02/11/1972
23,Charlotte,Anderson,charlotte.anderson@biltongbites.co.nz,027-647-5475,94 Anderson Place Ponsonby,21/01/1978
24,Henry,Lopez,henry.lopez@biltongbites.co.nz,027-519-9177,79 Taylor Road Manukau,02/11/1992
25,Evelyn,Jones,evelyn.jones@biltongbites.co.nz,027-921-2588,161 Rodriguez Place Te Aro,27/05/1987
26,William,Wilson,william.wilson@biltongbites.co.nz,027-951-7244,17 Anderson Crescent Albany,09/07/1998
27,Lucas,Wilson,lucas.wilson@biltongbites.co.nz,027-652-7555,118 Anderson Court Mount Eden,05/01/1987
28,Mia,Smith,mia.smith@biltongbites.co.nz,027-525-6703,17 Hernandez Street Papatoetoe,22/03/2003
29,William,Rodriguez,william.rodriguez@biltongbites.co.nz,027-374-9846,81 Martinez Road Manukau,22/03/1987
30,Harper,Jackson,harper.jackson@biltongbites.co.nz,027-771-8576,1 Jones Crescent Te Aro,16/08/2004
31,James,Martin,james.martin@biltongbites.co.nz,027-953-8338,18 Miller Avenue Newmarket,29/03/1983
32,Amelia,Miller,amelia.miller@biltongbites.co.nz,027-676-8432,126 Rodriguez Street Grey Lynn,14/05/1992
33,Charlotte,Martinez,charlotte.martinez@biltongbites.co.nz,027-797-4657,91 Smith Crescent Mount Eden,05/01/1987
34,Noah,Hernandez,noah.hernandez@biltongbites.co.nz,027-232-4004,31 Anderson Place Remuera,11/08/1968
35,Ava,Jackson,ava.jackson@biltongbites.co.nz,027-686-4925,146 Hernandez Place Newmarket,18/12/1990
36,Evelyn,Davis,evelyn.davis@biltongbites.co.nz,027-689-7722,121 Gonzalez Crescent Newmarket,03/06/1968
37,Lucas,Miller,lucas.miller@biltongbites.co.nz,027-872-7635,106 Garcia Road Grey Lynn,13/07/1992
38,Noah,Rodriguez,noah.rodriguez@biltongbites.co.nz,027-475-5205,23 Johnson Street Te Aro,10/10/1991
39,William,Anderson,william.anderson@biltongbites.co.nz,027-774-2676,227 Williams Crescent Henderson,19/06/1987
40,William,Smith,william.smith@biltongbites.co.nz,027-555-9428,16 Anderson Avenue Mount Eden,23/08/2005
41,Mia,Taylor,mia.taylor@biltongbites.co.nz,027-104-9973,94 Taylor Drive Grey Lynn,22/06/1969
42,Mia,Thomas,mia.thomas@biltongbites.co.nz,027-942-7527,6 Anderson Avenue Manukau,06/12/1987
43,Isabella,Thomas,isabella.thomas@biltongbites.co.nz,027-221-8765,141 Garcia Road Henderson,22/08/1974
44,Ava,Lopez,ava.lopez@biltongbites.co.nz,027-776-2352,79 Thomas Avenue Riccarton,27/07/1961
45,Lucas,Gonzalez,lucas.gonzalez@biltongbites.co.nz,027-753-6336,183 Johnson Crescent Henderson,26/10/1970
46,William,Jones,william.jones@biltongbites.co.nz,027-352-5001,212 Martin Court Remuera,11/05/1964
47,Amelia,Martin,amelia.martin@biltongbites.co.nz,027-886-1215,138 Miller Place Grey Lynn,19/10/1993
48,Oliver,Lopez,oliver.lopez@biltongbites.co.nz,027-451-6994,203 Davis Court Papatoetoe,29/12/1965
49,Ava,Williams,ava.williams@biltongbites.co.nz,027-889-2096,102 Williams Place Karori,01/07/1983
50,Noah,Williams,noah.williams@biltongbites.co.nz,027-404-8164,144 Garcia Avenue Riccarton,05/01/1974
51,Isabella,Miller,isabella.miller@biltongbites.co.nz,027-997-6380,17 Smith Avenue Ponsonby,02/04/1990
52,Ava,Smith,ava.smith@biltongbites.co.nz,027-200-2668,35 Jones Place Te Aro,26/01/1989
53,William,Johnson,william.johnson@biltongbites.co.nz,027-729-4051,222 Davis Street Riccarton,09/09/2003
54,Mia,Miller,mia.miller@biltongbites.co.nz,027-741-7195,140 Williams Avenue Newmarket,07/11/2006
55,Harper,Hernandez,harper.hernandez@biltongbites.co.nz,027-464-8784,86 Hernandez Drive Mount Eden,17/02/1989
56,James,Smith,james.smith@biltongbites.co.nz,027-987-1160,171 Brown Court Riccarton,06/02/2007
57,Charlotte,Brown,charlotte.brown@biltongbites.co.nz,027-208-8276,100 Jackson Street Henderson,13/12/1974
58,Mia,Brown,mia.brown@biltongbites.co.nz,027-944-7400,100 Davis Place Henderson,25/02/1966
59,Benjamin,Martin,benjamin.martin@biltongbites.co.nz,027-942-6751,224 Jones Avenue Albany,23/04/1999
60,Benjamin,Martinez,benjamin.martinez@biltongbites.co.nz,027-327-7116,182 Williams Place Remuera,13/07/2000
61,Liam,Wilson,liam.wilson@biltongbites.co.nz,027-506-3061,23 Thomas Crescent Remuera,20/04/2001
62,Noah,Thomas,noah.thomas@biltongbites.co.nz,027-297-5746,173 Jackson Court Riccarton,31/05/1974
63,Isabella,Jackson,isabella.jackson@biltongbites.co.nz,027-853-4465,246 Moore Avenue Grey Lynn,02/09/1993
64,Noah,Brown,noah.brown@biltongbites.co.nz,027-284-4186,41 Gonzalez Drive Te Aro,11/01/1985
65,James,Garcia,james.garcia@biltongbites.co.nz,027-317-3350,163 Anderson Crescent Albany,28/09/1967
66,James,Williams,james.williams@biltongbites.co.nz,027-949-6430,193 Williams Avenue Mount Eden,07/06/1986
67,Noah,Jackson,noah.jackson@biltongbites.co.nz,027-851-6529,66 Smith Court Mount Eden,10/10/1991
68,Liam,Moore,liam.moore@biltongbites.co.nz,027-297-1172,219 Williams Drive Riccarton,21/03/1967
69,Noah,Thomas,noah.thomas@biltongbites.co.nz,027-356-8938,95 Davis Crescent Albany,01/12/1994
70,Mia,Davis,mia.davis@biltongbites.co.nz,027-754-5389,227 Thomas Avenue Mount Eden,03/01/2005
71,Oliver,Johnson,oliver.johnson@biltongbites.co.nz,027-459-7396,123 Taylor Crescent Ponsonby,16/11/1977
72,Noah,Anderson,noah.anderson@biltongbites.co.nz,027-634-3389,99 Martinez Drive Grey Lynn,22/12/1974
73,Isabella,Hernandez,isabella.hernandez@biltongbites.co.nz,027-308-3111,242 Smith Place Newmarket,12/12/2007
74,Liam,Davis,liam.davis@biltongbites.co.nz,027-857-9709,21 Garcia Street Grey Lynn,22/08/2000
75,Amelia,Wilson,amelia.wilson@biltongbites.co.nz,027-609-2140,159 Gonzalez Avenue Papatoetoe,03/04/1963
76,Elijah,Martin,elijah.martin@biltongbites.co.nz,027-348-5117,177 Brown Drive Grey Lynn,20/01/1978
77,Olivia,Anderson,olivia.anderson@biltongbites.co.nz,027-332-3625,98 Wilson Drive Grey Lynn,24/05/1991
78,Henry,Thomas,henry.thomas@biltongbites.co.nz,027-472-4518,55 Jackson Court Riccarton,10/11/1985
79,Ava,Martinez,ava.martinez@biltongbites.co.nz,027-714-6490,207 Hernandez Crescent Grey Lynn,15/07/1965
80,Charlotte,Williams,charlotte.williams@biltongbites.co.nz,027-131-6316,85 Jackson Road Mount Eden,28/04/1996
81,Liam,Thomas,liam.thomas@biltongbites.co.nz,027-904-9559,35 Brown Avenue Henderson,16/02/1980
82,Lucas,Garcia,lucas.garcia@biltongbites.co.nz,027-808-9371,80 Johnson Place Albany,29/11/1978
83,James,Brown,james.brown@biltongbites.co.nz,027-890-8912,194 Williams Crescent Albany,08/12/2001
84,Olivia,Moore,olivia.moore@biltongbites.co.nz,027-130-3484,148 Hernandez Road Te Aro,11/03/1962
85,Evelyn,Hernandez,evelyn.hernandez@biltongbites.co.nz,027-416-5656,154 Smith Court Albany,08/03/1982
86,Liam,Thomas,liam.thomas@biltongbites.co.nz,027-173-4613,188 Martin Avenue Mount Eden,13/06/1983
87,Benjamin,Davis,benjamin.davis@biltongbites.co.nz,027-855-2040,237 Miller Court Ponsonby,04/09/1976
88,Benjamin,Johnson,benjamin.johnson@biltongbites.co.nz,027-388-7207,192 Davis Avenue Albany,06/03/1994
89,Sophia,Johnson,sophia.johnson@biltongbites.co.nz,027-214-7845,191 Martin Road Mount Eden,09/02/1973
90,James,Wilson,james.wilson@biltongbites.co.nz,027-374-2707,130 Lopez Road Henderson,28/10/1996
91,Ava,Williams,ava.williams@biltongbites.co.nz,027-269-3889,73 Williams Place Manukau,13/02/1983
92,William,Williams,william.williams@biltongbites.co.nz,027-261-5976,118 Rodriguez Avenue Grey Lynn,01/02/1971
93,Ava,Wilson,ava.wilson@biltongbites.co.nz,027-566-8976,80 Wilson Drive Riccarton,17/01/1983
94,Elijah,Davis,elijah.davis@biltongbites.co.nz,027-822-7556,158 Johnson Road Remuera,06/08/1963
95,Sophia,Taylor,sophia.taylor@biltongbites.co.nz,027-419-2225,179 Miller Place Manukau,20/08/1987
96,William,Rodriguez,william.rodriguez@biltongbites.co.nz,027-626-9459,131 Taylor Street Manukau,24/11/1962
97,Oliver,Martin,oliver.martin@biltongbites.co.nz,027-256-8308,88 Jones Court Ponsonby,09/03/1985
98,Alexander,Johnson,alexander.johnson@biltongbites.co.nz,027-727-1365,94 Martin Court Newmarket,24/02/2000
99,Henry,Davis,henry.davis@biltongbites.co.nz,027-586-9928,56 Williams Avenue Te Aro,21/10/1967
100,Mia,Taylor,mia.taylor@biltongbites.co.nz,027-184-3345,34 Wilson Drive Newmarket,06/05/1972
101,Isabella,Rodriguez,isabella.rodriguez@biltongbites.co.nz,027-284-3925,4 Johnson Avenue Newmarket,06/11/2003
102,Sophia,Williams,sophia.williams@biltongbites.co.nz,027-712-3140,82 Brown Crescent Remuera,11/04/1977
103,Alexander,Moore,alexander.moore@biltongbites.co.nz,027-867-4464,150 Johnson Crescent Newmarket,23/01/2008
104,Harper,Garcia,harper.garcia@biltongbites.co.nz,027-303-9656,162 Johnson Avenue Newmarket,01/08/1963
105,Noah,Jones,noah.jones@biltongbites.co.nz,027-592-9568,93 Brown Avenue Albany,21/03/1978
106,Henry,Miller,henry.miller@biltongbites.co.nz,027-927-5176,187 Garcia Crescent Mount Eden,26/09/1974
107,William,Moore,william.moore@biltongbites.co.nz,027-969-6149,28 Jackson Road Ponsonby,18/11/1997
108,Isabella,Taylor,isabella.taylor@biltongbites.co.nz,027-290-4049,120 Moore Street Karori,24/04/2001
109,Liam,Jones,liam.jones@biltongbites.co.nz,027-537-6601,171 Moore Avenue Manukau,09/01/1968
110,Isabella,Taylor,isabella.taylor@biltongbites.co.nz,027-467-1649,239 Wilson Drive Mount Eden,11/12/1968
111,Charlotte,Thomas,charlotte.thomas@biltongbites.co.nz,027-848-4125,33 Anderson Street Te Aro,21/11/2004
112,Lucas,Jackson,lucas.jackson@biltongbites.co.nz,027-421-7204,68 Martinez Crescent Riccarton,27/12/1966
113,Amelia,Martin,amelia.martin@biltongbites.co.nz,027-709-3722,38 Anderson Drive Riccarton,07/11/1999
114,Harper,Miller,harper.miller@biltongbites.co.nz,027-405-7019,143 Johnson Street Remuera,28/03/1982
115,Liam,Lopez,liam.lopez@biltongbites.co.nz,027-379-9200,184 Davis Place Albany,13/06/1987
116,William,Davis,william.davis@biltongbites.co.nz,027-621-5904,177 Martinez Place Papatoetoe,12/03/1971
117,William,Martin,william.martin@biltongbites.co.nz,027-643-4427,42 Moore Street Albany,23/04/1994
118,Amelia,Gonzalez,amelia.gonzalez@biltongbites.co.nz,027-440-4380,250 Moore Road Papatoetoe,14/10/1989
119,Benjamin,Moore,benjamin.moore@biltongbites.co.nz,027-450-9168,227 Jackson Drive Ponsonby,25/12/2005
120,Harper,Garcia,harper.garcia@biltongbites.co.nz,027-517-5286,53 Williams Crescent Riccarton,01/01/1969
121,Isabella,Moore,isabella.moore@biltongbites.co.nz,027-938-9917,126 Jones Street Remuera,13/05/1969
122,Henry,Davis,henry.davis@biltongbites.co.nz,027-428-1384,225 Brown Crescent Te Aro,10/06/2001
123,Sophia,Miller,sophia.miller@biltongbites.co.nz,027-103-8910,211 Jackson Drive Papatoetoe,16/02/1995
124,Olivia,Williams,olivia.williams@biltongbites.co.nz,027-364-1953,220 Martin Drive Remuera,24/12/1968
125,Noah,Gonzalez,noah.gonzalez@biltongbites.co.nz,027-692-2648,143 Brown Crescent Karori,15/02/1987
126,Lucas,Davis,lucas.davis@biltongbites.co.nz,027-905-3161,153 Anderson Court Henderson,11/04/1973
127,Ava,Moore,ava.moore@biltongbites.co.nz,027-592-6861,69 Smith Avenue Grey Lynn,22/07/1977
128,Liam,Gonzalez,liam.gonzalez@biltongbites.co.nz,027-323-6807,205 Miller Road Albany,11/05/1980
129,Lucas,Martin,lucas.martin@biltongbites.co.nz,027-658-1512,249 Johnson Place Manukau,13/11/1986
130,Noah,Gonzalez,noah.gonzalez@biltongbites.co.nz,027-429-7201,241 Williams Court Grey Lynn,04/05/1979
131,Harper,Martin,harper.martin@biltongbites.co.nz,027-885-2629,167 Davis Drive Remuera,26/07/1987
132,William,Rodriguez,william.rodriguez@biltongbites.co.nz,027-459-2316,4 Moore Drive Manukau,27/08/1973
133,Lucas,Anderson,lucas.anderson@biltongbites.co.nz,027-106-5193,53 Brown Place Remuera,19/04/1975
134,Benjamin,Rodriguez,benjamin.rodriguez@biltongbites.co.nz,027-772-4881,97 Davis Road Karori,10/08/1971
135,Mia,Rodriguez,mia.rodriguez@biltongbites.co.nz,027-625-5232,45 Hernandez Street Ponsonby,25/08/1994
136,Henry,Jones,henry.jones@biltongbites.co.nz,027-225-7033,229 Taylor Crescent Ponsonby,15/11/1997
137,Oliver,Williams,oliver.williams@biltongbites.co.nz,027-520-2622,73 Thomas Drive Riccarton,17/11/1979
138,Charlotte,Taylor,charlotte.taylor@biltongbites.co.nz,027-556-7816,184 Taylor Street Papatoetoe,09/04/1986
139,Olivia,Williams,olivia.williams@biltongbites.co.nz,027-348-5973,119 Moore Avenue Karori,03/03/1974
140,Charlotte,Jones,charlotte.jones@biltongbites.co.nz,027-154-6094,56 Smith Place Newmarket,08/02/1984
141,Charlotte,Garcia,charlotte.garcia@biltongbites.co.nz,027-304-4327,164 Jackson Road Grey Lynn,10/09/2000
142,Olivia,Taylor,olivia.taylor@biltongbites.co.nz,027-637-4556,90 Jackson Road Newmarket,10/12/1996
143,Noah,Miller,noah.miller@biltongbites.co.nz,027-429-6797,12 Taylor Court Karori,16/10/2007
144,Benjamin,Rodriguez,benjamin.rodriguez@biltongbites.co.nz,027-384-5435,250 Williams Place Grey Lynn,05/07/1961
145,Harper,Garcia,harper.garcia@biltongbites.co.nz,027-849-9487,1 Miller Street Manukau,10/11/1969
146,Evelyn,Moore,evelyn.moore@biltongbites.co.nz,027-748-8303,204 Johnson Court Manukau,04/05/1998
147,Evelyn,Davis,evelyn.davis@biltongbites.co.nz,027-612-2649,184 Martinez Avenue Henderson,07/11/1969
148,Harper,Davis,harper.davis@biltongbites.co.nz,027-126-3455,48 Martin Crescent Henderson,23/11/1976
149,Elijah,Lopez,elijah.lopez@biltongbites.co.nz,027-268-7897,181 Davis Place Te Aro,28/05/1962
150,Isabella,Martin,isabella.martin@biltongbites.co.nz,027-186-3968,15 Hernandez Drive Manukau,21/10/1974
151,Henry,Smith,henry.smith@biltongbites.co.nz,027-994-5923,125 Taylor Street Riccarton,16/02/1964
152,Olivia,Gonzalez,olivia.gonzalez@biltongbites.co.nz,027-448-2906,172 Moore Road Karori,08/02/2003
153,Sophia,Williams,sophia.williams@biltongbites.co.nz,027-334-7104,38 Garcia Place Henderson,13/01/1983
154,Amelia,Miller,amelia.miller@biltongbites.co.nz,027-921-1261,56 Williams Drive Papatoetoe,07/04/2005
155,Isabella,Anderson,isabella.anderson@biltongbites.co.nz,027-580-9781,92 Rodriguez Drive Te Aro,08/10/2005
156,Liam,Brown,liam.brown@biltongbites.co.nz,027-202-2137,159 Thomas Road Albany,25/01/1993
157,Mia,Miller,mia.miller@biltongbites.co.nz,027-855-8707,93 Jackson Avenue Manukau,01/01/1972
158,Lucas,Gonzalez,lucas.gonzalez@biltongbites.co.nz,027-197-1889,136 Rodriguez Road Albany,28/10/1978
159,James,Williams,james.williams@biltongbites.co.nz,027-375-6729,82 Brown Drive Remuera,05/07/1990
160,Olivia,Johnson,olivia.johnson@biltongbites.co.nz,027-563-4220,196 Smith Crescent Ponsonby,13/09/1961
161,Henry,Moore,henry.moore@biltongbites.co.nz,027-725-1633,111 Smith Court Mount Eden,03/05/1982
162,Isabella,Taylor,isabella.taylor@biltongbites.co.nz,027-296-2214,101 Garcia Place Albany,10/11/2000
163,Amelia,Lopez,amelia.lopez@biltongbites.co.nz,027-341-6176,217 Hernandez Crescent Newmarket,15/10/1990
164,Lucas,Moore,lucas.moore@biltongbites.co.nz,027-528-6818,238 Brown Avenue Grey Lynn,21/12/1962
165,Noah,Hernandez,noah.hernandez@biltongbites.co.nz,027-501-2654,102 Wilson Street Karori,01/11/1992
166,Benjamin,Brown,benjamin.brown@biltongbites.co.nz,027-758-4647,69 Rodriguez Place Ponsonby,08/05/1986
167,Charlotte,Garcia,charlotte.garcia@biltongbites.co.nz,027-509-2955,228 Johnson Street Riccarton,02/08/1999
168,Alexander,Garcia,alexander.garcia@biltongbites.co.nz,027-573-3004,112 Smith Street Ponsonby,08/12/1980
169,Olivia,Hernandez,olivia.hernandez@biltongbites.co.nz,027-149-1182,100 Hernandez Crescent Grey Lynn,30/03/1974
170,Elijah,Wilson,elijah.wilson@biltongbites.co.nz,027-406-7181,79 Wilson Drive Manukau,03/07/1963
171,Elijah,Anderson,elijah.anderson@biltongbites.co.nz,027-548-2108,156 Gonzalez Crescent Riccarton,06/04/1976
172,Sophia,Johnson,sophia.johnson@biltongbites.co.nz,027-332-5683,190 Johnson Road Riccarton,31/08/1974
173,Olivia,Gonzalez,olivia.gonzalez@biltongbites.co.nz,027-108-3850,222 Moore Place Newmarket,29/10/1992
174,James,Rodriguez,james.rodriguez@biltongbites.co.nz,027-911-6732,190 Davis Court Albany,24/11/1987
175,Alexander,Smith,alexander.smith@biltongbites.co.nz,027-721-1501,15 Johnson Avenue Albany,12/07/2004
176,Henry,Johnson,henry.johnson@biltongbites.co.nz,027-216-2076,118 Martinez Road Te Aro,18/07/1985
177,Evelyn,Miller,evelyn.miller@biltongbites.co.nz,027-775-1290,130 Williams Crescent Manukau,31/03/1981
178,Liam,Gonzalez,liam.gonzalez@biltongbites.co.nz,027-564-6430,54 Hernandez Court Karori,25/06/1967
179,Emma,Gonzalez,emma.gonzalez@biltongbites.co.nz,027-531-2523,137 Thomas Road Remuera,09/01/1976
180,Olivia,Anderson,olivia.anderson@biltongbites.co.nz,027-389-7654,159 Anderson Court Karori,23/11/1961
181,Amelia,Smith,amelia.smith@biltongbites.co.nz,027-498-6789,8 Gonzalez Road Karori,24/09/1985
182,Oliver,Johnson,oliver.johnson@biltongbites.co.nz,027-586-4222,180 Davis Road Riccarton,25/12/2007
183,Isabella,Williams,isabella.williams@biltongbites.co.nz,027-488-4854,233 Martinez Place Newmarket,11/08/1971
184,William,Lopez,william.lopez@biltongbites.co.nz,027-849-2135,216 Gonzalez Avenue Karori,08/01/1990
185,Harper,Brown,harper.brown@biltongbites.co.nz,027-714-3777,236 Smith Street Grey Lynn,11/10/1989
186,Harper,Jones,harper.jones@biltongbites.co.nz,027-925-1971,10 Martinez Drive Riccarton,03/07/1962
187,Lucas,Rodriguez,lucas.rodriguez@biltongbites.co.nz,027-637-8436,72 Lopez Court Grey Lynn,25/11/1994
188,Mia,Moore,mia.moore@biltongbites.co.nz,027-841-5375,162 Wilson Place Riccarton,07/12/2001
189,Liam,Gonzalez,liam.gonzalez@biltongbites.co.nz,027-749-1427,202 Rodriguez Avenue Newmarket,04/04/1978
190,James,Johnson,james.johnson@biltongbites.co.nz,027-776-3242,24 Jackson Place Manukau,11/09/1983
191,Lucas,Gonzalez,lucas.gonzalez@biltongbites.co.nz,027-172-2253,25 Johnson Court Remuera,24/02/2008
192,Alexander,Miller,alexander.miller@biltongbites.co.nz,027-229-5893,114 Williams Place Riccarton,09/05/1976
193,Evelyn,Anderson,evelyn.anderson@biltongbites.co.nz,027-903-5903,158 Thomas Avenue Albany,19/05/2003
194,Mia,Brown,mia.brown@biltongbites.co.nz,027-294-9891,41 Moore Avenue Manukau,27/06/1965
195,Ava,Gonzalez,ava.gonzalez@biltongbites.co.nz,027-322-7660,153 Smith Crescent Grey Lynn,11/05/2007
196,Oliver,Jackson,oliver.jackson@biltongbites.co.nz,027-280-1669,248 Garcia Drive Riccarton,17/07/1972
197,Noah,Taylor,noah.taylor@biltongbites.co.nz,027-576-4769,241 Jackson Crescent Remuera,27/04/1976
198,Amelia,Brown,amelia.brown@biltongbites.co.nz,027-979-5607,46 Rodriguez Place Riccarton,26/06/1988
199,Mia,Rodriguez,mia.rodriguez@biltongbites.co.nz,027-666-5322,95 Lopez Place Grey Lynn,03/01/1994
200,Charlotte,Jackson,charlotte.jackson@biltongbites.co.nz,027-128-3202,9 Moore Place Manukau,28/03/1964
201,Noah,Rodriguez,noah.rodriguez@biltongbites.co.nz,027-861-6552,225 Lopez Drive Remuera,09/07/1978
202,Noah,Moore,noah.moore@biltongbites.co.nz,027-281-6986,188 Moore Drive Te Aro,14/01/1962
203,Olivia,Jackson,olivia.jackson@biltongbites.co.nz,027-420-7160,173 Brown Crescent Te Aro,03/07/1972
204,Alexander,Smith,alexander.smith@biltongbites.co.nz,027-320-1914,109 Anderson Crescent Papatoetoe,18/11/1969
205,Harper,Davis,harper.davis@biltongbites.co.nz,027-829-5772,206 Jackson Court Karori,09/08/1991
206,Benjamin,Williams,benjamin.williams@biltongbites.co.nz,027-397-9913,205 Garcia Court Remuera,23/05/1971
207,Charlotte,Gonzalez,charlotte.gonzalez@biltongbites.co.nz,027-321-3801,112 Lopez Place Manukau,14/03/1971
208,Noah,Rodriguez,noah.rodriguez@biltongbites.co.nz,027-500-8339,170 Williams Place Manukau,27/08/1970
209,Harper,Rodriguez,harper.rodriguez@biltongbites.co.nz,027-387-4219,107 Williams Drive Grey Lynn,12/11/1985
210,Evelyn,Hernandez,evelyn.hernandez@biltongbites.co.nz,027-472-6472,21 Davis Court Riccarton,30/01/1963
211,Elijah,Johnson,elijah.johnson@biltongbites.co.nz,027-853-3443,212 Martinez Crescent Henderson,14/10/1999
212,Lucas,Taylor,lucas.taylor@biltongbites.co.nz,027-210-2884,68 Williams Street Te Aro,28/01/1983
213,Henry,Garcia,henry.garcia@biltongbites.co.nz,027-406-5769,152 Williams Court Henderson,09/06/1971
214,Charlotte,Smith,charlotte.smith@biltongbites.co.nz,027-924-1488,53 Brown Street Karori,21/03/1967
215,Alexander,Rodriguez,alexander.rodriguez@biltongbites.co.nz,027-801-8620,202 Johnson Crescent Karori,28/10/1979
216,Emma,Taylor,emma.taylor@biltongbites.co.nz,027-662-2246,142 Garcia Crescent Mount Eden,19/06/1966
217,Sophia,Thomas,sophia.thomas@biltongbites.co.nz,027-958-5427,104 Smith Place Karori,07/09/2002
218,Mia,Johnson,mia.johnson@biltongbites.co.nz,027-677-6640,88 Jackson Court Newmarket,23/09/1975
219,Lucas,Wilson,lucas.wilson@biltongbites.co.nz,027-765-2593,188 Smith Street Newmarket,26/11/2001
220,William,Hernandez,william.hernandez@biltongbites.co.nz,027-835-7272,171 Miller Crescent Henderson,17/03/2004
221,Emma,Anderson,emma.anderson@biltongbites.co.nz,027-526-8478,30 Moore Street Papatoetoe,29/04/1992
222,Isabella,Anderson,isabella.anderson@biltongbites.co.nz,027-705-7745,181 Martinez Avenue Karori,11/03/1987
223,Olivia,Smith,olivia.smith@biltongbites.co.nz,027-915-6045,19 Taylor Drive Remuera,22/07/1962
224,William,Moore,william.moore@biltongbites.co.nz,027-948-8728,91 Davis Place Manukau,13/05/1999
225,William,Lopez,william.lopez@biltongbites.co.nz,027-853-9077,195 Martinez Crescent Grey Lynn,03/07/1989
226,Mia,Thomas,mia.thomas@biltongbites.co.nz,027-992-5848,87 Wilson Drive Riccarton,11/09/1961
227,James,Jackson,james.jackson@biltongbites.co.nz,027-157-5658,124 Anderson Avenue Mount Eden,09/11/1985
228,Emma,Martin,emma.martin@biltongbites.co.nz,027-448-6085,243 Moore Drive Manukau,15/02/1973
229,Benjamin,Martin,benjamin.martin@biltongbites.co.nz,027-455-2631,110 Thomas Road Remuera,03/09/1964
230,William,Lopez,william.lopez@biltongbites.co.nz,027-206-1992,89 Martin Court Newmarket,28/03/1991
231,Charlotte,Rodriguez,charlotte.rodriguez@biltongbites.co.nz,027-587-2146,242 Moore Drive Albany,17/04/1974
232,Alexander,Gonzalez,alexander.gonzalez@biltongbites.co.nz,027-350-2657,233 Martin Court Mount Eden,17/12/1993
233,Lucas,Wilson,lucas.wilson@biltongbites.co.nz,027-378-5441,216 Taylor Road Papatoetoe,05/08/2003
234,Harper,Garcia,harper.garcia@biltongbites.co.nz,027-237-5864,162 Jackson Drive Remuera,11/04/1973
235,Alexander,Moore,alexander.moore@biltongbites.co.nz,027-571-9093,201 Rodriguez Drive Albany,08/10/1979
236,Evelyn,Lopez,evelyn.lopez@biltongbites.co.nz,027-802-1755,111 Anderson Street Riccarton,28/12/1966
237,Isabella,Brown,isabella.brown@biltongbites.co.nz,027-910-2184,194 Moore Avenue Grey Lynn,04/06/2007
238,Liam,Anderson,liam.anderson@biltongbites.co.nz,027-404-4796,206 Moore Place Albany,14/10/1989
239,James,Garcia,james.garcia@biltongbites.co.nz,027-227-3218,98 Jackson Drive Remuera,27/06/2001
240,Oliver,Smith,oliver.smith@biltongbites.co.nz,027-564-3642,196 Davis Avenue Remuera,04/02/1972
241,Sophia,Martin,sophia.martin@biltongbites.co.nz,027-872-9826,176 Garcia Crescent Henderson,05/05/1988
242,Sophia,Jones,sophia.jones@biltongbites.co.nz,027-544-7217,64 Jones Street Henderson,02/06/2005
243,Alexander,Hernandez,alexander.hernandez@biltongbites.co.nz,027-673-5605,58 Brown Street Newmarket,11/03/1981
244,Amelia,Jackson,amelia.jackson@biltongbites.co.nz,027-521-3713,117 Hernandez Street Manukau,07/06/1995
245,Benjamin,Jackson,benjamin.jackson@biltongbites.co.nz,027-636-3085,156 Jones Drive Remuera,04/02/1963
246,Olivia,Martinez,olivia.martinez@biltongbites.co.nz,027-272-8534,176 Hernandez Avenue Newmarket,22/02/1997
247,Evelyn,Anderson,evelyn.anderson@biltongbites.co.nz,027-695-7233,37 Johnson Street Mount Eden,21/10/2007
248,Elijah,Jackson,elijah.jackson@biltongbites.co.nz,027-414-5517,43 Davis Street Ponsonby,02/10/1998
249,Ava,Jones,ava.jones@biltongbites.co.nz,027-635-8820,150 Miller Court Henderson,05/05/1992
250,Ava,Jackson,ava.jackson@biltongbites.co.nz,027-603-8490,236 Gonzalez Crescent Newmarket,29/12/2004
251,Amelia,Smith,amelia.smith@biltongbites.co.nz,027-537-8585,198 Rodriguez Place Manukau,13/07/2004
252,Elijah,Brown,elijah.brown@biltongbites.co.nz,027-604-6777,76 Rodriguez Road Albany,29/05/1971
253,William,Smith,william.smith@biltongbites.co.nz,027-159-1260,242 Martinez Crescent Ponsonby,30/07/2002
254,Amelia,Smith,amelia.smith@biltongbites.co.nz,027-311-3921,227 Smith Crescent Mount Eden,04/01/1989
255,Charlotte,Jones,charlotte.jones@biltongbites.co.nz,027-939-8627,48 Lopez Street Karori,30/09/1983
256,Charlotte,Gonzalez,charlotte.gonzalez@biltongbites.co.nz,027-482-4416,22 Williams Avenue Riccarton,15/11/1974
257,Liam,Garcia,liam.garcia@biltongbites.co.nz,027-716-9837,48 Anderson Avenue Albany,14/08/2002
258,Oliver,Hernandez,oliver.hernandez@biltongbites.co.nz,027-121-5874,168 Martinez Court Karori,20/11/2000
259,Henry,Anderson,henry.anderson@biltongbites.co.nz,027-539-1284,53 Rodriguez Avenue Remuera,28/11/1977
260,Noah,Miller,noah.miller@biltongbites.co.nz,027-266-8881,79 Rodriguez Drive Riccarton,04/07/1992
261,Henry,Davis,henry.davis@biltongbites.co.nz,027-237-9660,209 Davis Drive Newmarket,20/03/1966
262,Charlotte,Martin,charlotte.martin@biltongbites.co.nz,027-439-5712,7 Brown Drive Ponsonby,01/09/2006
263,Charlotte,Brown,charlotte.brown@biltongbites.co.nz,027-326-1186,75 Rodriguez Place Riccarton,30/06/1986
264,Isabella,Martinez,isabella.martinez@biltongbites.co.nz,027-440-3628,81 Jones Crescent Albany,22/02/1993
265,William,Hernandez,william.hernandez@biltongbites.co.nz,027-299-7136,225 Taylor Drive Newmarket,24/11/1988
266,Charlotte,Wilson,charlotte.wilson@biltongbites.co.nz,027-297-3813,72 Wilson Street Karori,25/08/1978
267,Oliver,Jones,oliver.jones@biltongbites.co.nz,027-338-9132,124 Garcia Street Grey Lynn,08/01/2003
268,Henry,Wilson,henry.wilson@biltongbites.co.nz,027-993-8418,44 Miller Street Te Aro,08/05/1979
269,William,Anderson,william.anderson@biltongbites.co.nz,027-910-3165,250 Williams Road Henderson,30/09/1961
270,Harper,Lopez,harper.lopez@biltongbites.co.nz,027-692-2589,94 Hernandez Court Ponsonby,14/04/1964
271,Noah,Miller,noah.miller@biltongbites.co.nz,027-385-3741,19 Wilson Court Manukau,30/12/1963
272,Alexander,Gonzalez,alexander.gonzalez@biltongbites.co.nz,027-325-7632,168 Wilson Road Papatoetoe,20/03/1988
273,Noah,Lopez,noah.lopez@biltongbites.co.nz,027-252-7431,174 Gonzalez Court Karori,19/02/1974
274,Elijah,Smith,elijah.smith@biltongbites.co.nz,027-369-9403,236 Jackson Crescent Papatoetoe,19/10/1980
275,Emma,Davis,emma.davis@biltongbites.co.nz,027-582-8504,5 Wilson Crescent Te Aro,09/09/1985
276,James,Lopez,james.lopez@biltongbites.co.nz,027-462-2266,159 Smith Drive Te Aro,27/03/1981
277,Alexander,Johnson,alexander.johnson@biltongbites.co.nz,027-341-2152,51 Thomas Crescent Papatoetoe,05/06/2000
278,Mia,Taylor,mia.taylor@biltongbites.co.nz,027-324-6676,178 Johnson Place Ponsonby,04/07/1973
279,Olivia,Taylor,olivia.taylor@biltongbites.co.nz,027-712-2923,68 Davis Place Karori,18/04/1973
280,James,Williams,james.williams@biltongbites.co.nz,027-971-6197,150 Hernandez Street Manukau,25/11/1982
281,Henry,Brown,henry.brown@biltongbites.co.nz,027-705-5369,192 Taylor Street Newmarket,26/03/1993
282,Sophia,Thomas,sophia.thomas@biltongbites.co.nz,027-186-5681,65 Taylor Place Remuera,31/12/1985
283,Henry,Gonzalez,henry.gonzalez@biltongbites.co.nz,027-592-1492,65 Davis Court Ponsonby,25/08/2006
284,Liam,Smith,liam.smith@biltongbites.co.nz,027-477-6780,44 Jones Crescent Riccarton,14/10/1991
285,Amelia,Anderson,amelia.anderson@biltongbites.co.nz,027-990-3463,184 Martinez Drive Riccarton,21/01/1997
286,Oliver,Smith,oliver.smith@biltongbites.co.nz,027-286-2841,54 Brown Avenue Mount Eden,30/11/1991
287,Emma,Thomas,emma.thomas@biltongbites.co.nz,027-350-3900,20 Rodriguez Drive Manukau,13/08/1979
288,Benjamin,Brown,benjamin.brown@biltongbites.co.nz,027-187-4890,212 Thomas Crescent Henderson,12/12/1997
289,Ava,Anderson,ava.anderson@biltongbites.co.nz,027-762-3454,132 Anderson Court Grey Lynn,06/09/1990
290,Benjamin,Johnson,benjamin.johnson@biltongbites.co.nz,027-140-3650,160 Hernandez Place Manukau,11/09/1986
291,Sophia,Jackson,sophia.jackson@biltongbites.co.nz,027-355-5110,188 Taylor Road Grey Lynn,20/07/1992
292,Henry,Lopez,henry.lopez@biltongbites.co.nz,027-542-8962,241 Gonzalez Crescent Henderson,27/09/1967
293,William,Hernandez,william.hernandez@biltongbites.co.nz,027-582-7630,121 Wilson Place Albany,10/05/1998
294,Evelyn,Brown,evelyn.brown@biltongbites.co.nz,027-862-7351,20 Martinez Avenue Grey Lynn,07/11/1986
295,Ava,Moore,ava.moore@biltongbites.co.nz,027-249-5112,65 Gonzalez Drive Grey Lynn,29/11/2003
296,Charlotte,Miller,charlotte.miller@biltongbites.co.nz,027-906-4375,146 Garcia Crescent Newmarket,08/09/1998
297,Isabella,Gonzalez,isabella.gonzalez@biltongbites.co.nz,027-287-2747,136 Rodriguez Court Newmarket,18/05/1996
298,Isabella,Smith,isabella.smith@biltongbites.co.nz,027-579-1412,155 Williams Street Remuera,06/03/2005
299,Olivia,Gonzalez,olivia.gonzalez@biltongbites.co.nz,027-496-6463,93 Hernandez Avenue Albany,19/08/1974
300,Mia,Williams,mia.williams@biltongbites.co.nz,027-505-7497,117 Garcia Road Henderson,27/12/2003
301,Harper,Davis,harper.davis@biltongbites.co.nz,027-240-2905,85 Wilson Place Mount Eden,13/01/1998
302,Olivia,Smith,olivia.smith@biltongbites.co.nz,027-737-8954,32 Garcia Crescent Remuera,05/03/1965
303,Lucas,Garcia,lucas.garcia@biltongbites.co.nz,027-442-3906,207 Miller Crescent Karori,03/10/1969
304,Alexander,Johnson,alexander.johnson@biltongbites.co.nz,027-154-7482,204 Davis Drive Papatoetoe,01/05/2005
305,Alexander,Martin,alexander.martin@biltongbites.co.nz,027-462-9188,157 Brown Road Grey Lynn,21/04/1971
306,James,Lopez,james.lopez@biltongbites.co.nz,027-156-3873,70 Brown Place Te Aro,05/01/1981
307,Evelyn,Thomas,evelyn.thomas@biltongbites.co.nz,027-471-4661,108 Moore Court Henderson,30/12/1990
308,Henry,Wilson,henry.wilson@biltongbites.co.nz,027-699-5530,223 Martin Crescent Newmarket,05/05/1969
309,Oliver,Miller,oliver.miller@biltongbites.co.nz,027-604-2964,3 Taylor Avenue Papatoetoe,08/10/2004
310,Harper,Williams,harper.williams@biltongbites.co.nz,027-778-5371,96 Miller Road Manukau,30/07/2007
311,Henry,Williams,henry.williams@biltongbites.co.nz,027-216-2839,12 Taylor Road Remuera,18/11/1977
312,Sophia,Brown,sophia.brown@biltongbites.co.nz,027-842-8294,94 Thomas Place Ponsonby,12/03/1976
313,Sophia,Lopez,sophia.lopez@biltongbites.co.nz,027-118-4974,247 Martinez Court Newmarket,03/08/1982
314,Evelyn,Rodriguez,evelyn.rodriguez@biltongbites.co.nz,027-485-9229,54 Thomas Crescent Te Aro,17/03/1997
315,Charlotte,Garcia,charlotte.garcia@biltongbites.co.nz,027-414-8372,136 Hernandez Road Remuera,17/06/1982
316,Oliver,Lopez,oliver.lopez@biltongbites.co.nz,027-871-2477,65 Rodriguez Place Ponsonby,12/10/1978
317,Isabella,Martin,isabella.martin@biltongbites.co.nz,027-284-7788,203 Davis Drive Albany,11/05/1972
318,Liam,Smith,liam.smith@biltongbites.co.nz,027-634-8847,86 Moore Street Ponsonby,29/08/1964
319,Harper,Anderson,harper.anderson@biltongbites.co.nz,027-933-7271,97 Johnson Road Grey Lynn,16/11/1979
320,Isabella,Lopez,isabella.lopez@biltongbites.co.nz,027-734-1395,117 Johnson Crescent Remuera,19/02/2004
321,Amelia,Williams,amelia.williams@biltongbites.co.nz,027-389-5118,33 Williams Road Remuera,31/05/1966
322,Sophia,Miller,sophia.miller@biltongbites.co.nz,027-963-2585,8 Miller Street Karori,05/11/1998
323,Amelia,Gonzalez,amelia.gonzalez@biltongbites.co.nz,027-675-8735,134 Miller Crescent Riccarton,16/07/2004
324,Oliver,Jackson,oliver.jackson@biltongbites.co.nz,027-421-6989,134 Smith Avenue Newmarket,13/11/1973
325,Charlotte,Miller,charlotte.miller@biltongbites.co.nz,027-150-3936,56 Wilson Road Karori,30/05/1994
326,Henry,Lopez,henry.lopez@biltongbites.co.nz,027-760-3528,103 Williams Drive Mount Eden,29/06/1988
327,Noah,Miller,noah.miller@biltongbites.co.nz,027-388-3401,83 Jackson Road Henderson,26/12/1990
328,William,Rodriguez,william.rodriguez@biltongbites.co.nz,027-333-8791,66 Miller Place Newmarket,14/07/1973
329,Oliver,Moore,oliver.moore@biltongbites.co.nz,027-283-4916,139 Gonzalez Avenue Grey Lynn,19/02/1998
330,Evelyn,Garcia,evelyn.garcia@biltongbites.co.nz,027-990-7283,45 Gonzalez Road Grey Lynn,26/05/1968
331,Lucas,Martin,lucas.martin@biltongbites.co.nz,027-917-5047,20 Jones Court Henderson,31/05/1969
332,Sophia,Jackson,sophia.jackson@biltongbites.co.nz,027-817-6490,96 Anderson Street Henderson,18/06/1971
333,Noah,Johnson,noah.johnson@biltongbites.co.nz,027-958-7394,166 Lopez Drive Manukau,12/10/1964
334,Isabella,Jones,isabella.jones@biltongbites.co.nz,027-993-2045,18 Davis Street Remuera,10/11/1987
335,Benjamin,Miller,benjamin.miller@biltongbites.co.nz,027-297-2434,180 Wilson Avenue Grey Lynn,20/04/1984
336,Benjamin,Taylor,benjamin.taylor@biltongbites.co.nz,027-935-3473,168 Jackson Court Mount Eden,20/11/1997
337,Evelyn,Davis,evelyn.davis@biltongbites.co.nz,027-177-5245,186 Miller Road Te Aro,13/12/1990
338,Noah,Williams,noah.williams@biltongbites.co.nz,027-979-4345,195 Brown Road Papatoetoe,21/10/1961
339,Charlotte,Johnson,charlotte.johnson@biltongbites.co.nz,027-791-7755,69 Rodriguez Crescent Newmarket,30/10/1979
340,Benjamin,Garcia,benjamin.garcia@biltongbites.co.nz,027-491-8249,80 Johnson Court Albany,17/06/2000
341,Liam,Anderson,liam.anderson@biltongbites.co.nz,027-506-9238,57 Williams Road Ponsonby,13/11/1976
342,Emma,Smith,emma.smith@biltongbites.co.nz,027-469-1546,181 Thomas Avenue Remuera,16/08/1976
343,Mia,Gonzalez,mia.gonzalez@biltongbites.co.nz,027-629-9263,44 Brown Avenue Papatoetoe,17/03/2006
344,Alexander,Lopez,alexander.lopez@biltongbites.co.nz,027-482-4749,85 Miller Place Albany,03/06/1986
345,Lucas,Jones,lucas.jones@biltongbites.co.nz,027-433-5885,94 Davis Drive Karori,28/11/1975
346,Henry,Brown,henry.brown@biltongbites.co.nz,027-490-8644,80 Thomas Drive Te Aro,17/09/1995
347,Harper,Jones,harper.jones@biltongbites.co.nz,027-912-6061,117 Moore Place Karori,28/04/1970
348,Emma,Moore,emma.moore@biltongbites.co.nz,027-757-3195,5 Garcia Street Te Aro,04/11/1996
349,Harper,Gonzalez,harper.gonzalez@biltongbites.co.nz,027-439-2854,191 Lopez Road Grey Lynn,20/03/1984
350,Sophia,Moore,sophia.moore@biltongbites.co.nz,027-420-4566,211 Gonzalez Avenue Riccarton,13/09/1972
351,Elijah,Taylor,elijah.taylor@biltongbites.co.nz,027-178-9492,189 Martinez Court Te Aro,21/06/1964
352,Olivia,Lopez,olivia.lopez@biltongbites.co.nz,027-277-5592,10 Rodriguez Street Mount Eden,26/09/1978
353,Amelia,Wilson,amelia.wilson@biltongbites.co.nz,027-276-3566,21 Anderson Place Remuera,14/05/1971
354,Alexander,Martin,alexander.martin@biltongbites.co.nz,027-215-6169,86 Moore Avenue Albany,22/11/1993
355,Evelyn,Taylor,evelyn.taylor@biltongbites.co.nz,027-520-5148,171 Hernandez Drive Newmarket,30/08/1985
356,Ava,Jackson,ava.jackson@biltongbites.co.nz,027-929-9512,248 Hernandez Avenue Grey Lynn,26/04/2000
357,James,Wilson,james.wilson@biltongbites.co.nz,027-604-4858,201 Moore Court Newmarket,01/10/1985
358,Evelyn,Martin,evelyn.martin@biltongbites.co.nz,027-250-1095,156 Wilson Place Henderson,22/06/1963
359,Charlotte,Smith,charlotte.smith@biltongbites.co.nz,027-539-2548,222 Martinez Court Ponsonby,20/05/1983
360,Sophia,Garcia,sophia.garcia@biltongbites.co.nz,027-698-9048,232 Rodriguez Crescent Henderson,14/03/1998
361,Charlotte,Martin,charlotte.martin@biltongbites.co.nz,027-926-4291,234 Martinez Drive Riccarton,22/08/1974
362,Isabella,Anderson,isabella.anderson@biltongbites.co.nz,027-958-7355,217 Moore Street Grey Lynn,29/08/1973
363,Henry,Brown,henry.brown@biltongbites.co.nz,027-853-2332,166 Rodriguez Road Mount Eden,09/10/1996
364,Olivia,Garcia,olivia.garcia@biltongbites.co.nz,027-759-4743,58 Gonzalez Place Manukau,04/04/1970
365,Lucas,Anderson,lucas.anderson@biltongbites.co.nz,027-624-9245,178 Jackson Place Te Aro,15/11/1971
366,Noah,Smith,noah.smith@biltongbites.co.nz,027-674-1735,160 Moore Drive Manukau,23/11/1976
367,Ava,Gonzalez,ava.gonzalez@biltongbites.co.nz,027-101-3155,227 Taylor Road Albany,10/11/1986
368,Isabella,Jackson,isabella.jackson@biltongbites.co.nz,027-829-5524,182 Rodriguez Road Riccarton,24/04/1969
369,Mia,Anderson,mia.anderson@biltongbites.co.nz,027-210-9153,246 Gonzalez Road Mount Eden,17/09/2003
370,Ava,Wilson,ava.wilson@biltongbites.co.nz,027-185-6005,37 Anderson Avenue Karori,05/04/1980
371,Sophia,Lopez,sophia.lopez@biltongbites.co.nz,027-393-6237,222 Garcia Road Albany,15/12/1971
372,Mia,Brown,mia.brown@biltongbites.co.nz,027-563-2795,117 Martin Avenue Riccarton,28/06/1997
373,Alexander,Jackson,alexander.jackson@biltongbites.co.nz,027-821-3234,248 Gonzalez Road Papatoetoe,13/08/1989
374,Henry,Davis,henry.davis@biltongbites.co.nz,027-546-5552,149 Brown Avenue Riccarton,27/02/1962
375,Alexander,Davis,alexander.davis@biltongbites.co.nz,027-725-4844,160 Hernandez Crescent Riccarton,08/02/2002
376,Ava,Garcia,ava.garcia@biltongbites.co.nz,027-580-9315,135 Anderson Street Karori,02/08/1983
377,Ava,Taylor,ava.taylor@biltongbites.co.nz,027-925-1702,127 Johnson Road Te Aro,11/08/1997
378,William,Anderson,william.anderson@biltongbites.co.nz,027-601-5537,101 Anderson Drive Mount Eden,08/06/2001
379,Emma,Anderson,emma.anderson@biltongbites.co.nz,027-717-1988,217 Martinez Road Henderson,27/11/1986
380,Elijah,Williams,elijah.williams@biltongbites.co.nz,027-218-3566,88 Garcia Court Ponsonby,30/06/1973
381,Oliver,Smith,oliver.smith@biltongbites.co.nz,027-347-7652,110 Johnson Drive Riccarton,06/09/1969
382,Emma,Martin,emma.martin@biltongbites.co.nz,027-897-7728,192 Garcia Place Mount Eden,21/04/1987
383,Harper,Smith,harper.smith@biltongbites.co.nz,027-411-8369,161 Smith Avenue Newmarket,14/10/1989
384,Lucas,Thomas,lucas.thomas@biltongbites.co.nz,027-413-7429,31 Miller Road Manukau,20/03/1980
385,William,Jones,william.jones@biltongbites.co.nz,027-403-1693,191 Jackson Drive Mount Eden,22/03/2001
386,James,Davis,james.davis@biltongbites.co.nz,027-623-7458,19 Hernandez Street Newmarket,16/10/1969
387,Elijah,Martin,elijah.martin@biltongbites.co.nz,027-367-4481,57 Wilson Street Grey Lynn,26/12/1984
388,Emma,Hernandez,emma.hernandez@biltongbites.co.nz,027-426-3208,59 Martin Crescent Te Aro,28/01/1995
389,Sophia,Moore,sophia.moore@biltongbites.co.nz,027-890-4509,91 Jackson Court Manukau,14/09/1973
390,Liam,Anderson,liam.anderson@biltongbites.co.nz,027-534-1765,244 Thomas Street Ponsonby,07/12/1971
391,Harper,Garcia,harper.garcia@biltongbites.co.nz,027-167-6206,72 Gonzalez Crescent Grey Lynn,03/05/1978
392,Mia,Wilson,mia.wilson@biltongbites.co.nz,027-354-9451,161 Lopez Avenue Henderson,20/12/1994
393,Amelia,Smith,amelia.smith@biltongbites.co.nz,027-382-7228,93 Moore Street Riccarton,08/01/1995
394,Noah,Moore,noah.moore@biltongbites.co.nz,027-336-9911,235 Moore Court Grey Lynn,28/09/1995
395,Ava,Johnson,ava.johnson@biltongbites.co.nz,027-649-3155,108 Martinez Court Ponsonby,13/11/2007
396,Henry,Martin,henry.martin@biltongbites.co.nz,027-362-7941,52 Hernandez Place Remuera,30/01/1993
397,Emma,Lopez,emma.lopez@biltongbites.co.nz,027-417-8487,15 Anderson Road Newmarket,28/07/1988
398,Ava,Garcia,ava.garcia@biltongbites.co.nz,027-540-7923,34 Lopez Drive Mount Eden,02/06/1961
399,Henry,Hernandez,henry.hernandez@biltongbites.co.nz,027-975-3510,14 Miller Avenue Newmarket,07/06/1993
400,Alexander,Jackson,alexander.jackson@biltongbites.co.nz,027-470-9063,67 Johnson Avenue Manukau,20/01/1968
401,Evelyn,Miller,evelyn.miller@biltongbites.co.nz,027-568-5965,125 Smith Place Manukau,13/12/1965
402,Amelia,Hernandez,amelia.hernandez@biltongbites.co.nz,027-292-5958,76 Rodriguez Road Te Aro,15/04/2007
403,Benjamin,Garcia,benjamin.garcia@biltongbites.co.nz,027-139-3151,205 Brown Crescent Manukau,13/01/1978
404,Harper,Davis,harper.davis@biltongbites.co.nz,027-661-1991,195 Smith Place Henderson,17/01/1979
405,William,Miller,william.miller@biltongbites.co.nz,027-225-1899,77 Martinez Crescent Riccarton,19/02/1963
406,Harper,Jones,harper.jones@biltongbites.co.nz,027-438-5789,33 Smith Crescent Manukau,07/01/1976
407,William,Thomas,william.thomas@biltongbites.co.nz,027-580-3912,172 Anderson Court Newmarket,21/10/1971
408,William,Wilson,william.wilson@biltongbites.co.nz,027-493-2253,203 Johnson Road Grey Lynn,03/04/2005
409,William,Gonzalez,william.gonzalez@biltongbites.co.nz,027-428-3027,81 Taylor Avenue Albany,12/06/1988
410,Evelyn,Johnson,evelyn.johnson@biltongbites.co.nz,027-573-6775,45 Gonzalez Street Mount Eden,03/08/1983
411,Henry,Rodriguez,henry.rodriguez@biltongbites.co.nz,027-485-9969,221 Moore Street Remuera,21/07/1979
412,James,Thomas,james.thomas@biltongbites.co.nz,027-802-2409,108 Hernandez Road Remuera,25/01/1971
413,Oliver,Hernandez,oliver.hernandez@biltongbites.co.nz,027-250-6275,191 Jackson Place Grey Lynn,07/03/1983
414,Harper,Davis,harper.davis@biltongbites.co.nz,027-705-4515,89 Anderson Crescent Riccarton,12/12/1963
415,Charlotte,Jackson,charlotte.jackson@biltongbites.co.nz,027-135-7704,89 Smith Street Karori,16/01/1989
416,Henry,Jones,henry.jones@biltongbites.co.nz,027-220-8093,208 Gonzalez Avenue Te Aro,09/08/2001
417,Oliver,Miller,oliver.miller@biltongbites.co.nz,027-391-6219,178 Johnson Street Riccarton,19/09/1997
418,Lucas,Smith,lucas.smith@biltongbites.co.nz,027-267-9668,31 Thomas Avenue Grey Lynn,06/04/1970
419,Noah,Jackson,noah.jackson@biltongbites.co.nz,027-495-6761,126 Garcia Place Manukau,20/02/1988
420,Amelia,Thomas,amelia.thomas@biltongbites.co.nz,027-426-8198,43 Taylor Drive Karori,18/04/1995
421,Alexander,Moore,alexander.moore@biltongbites.co.nz,027-110-3064,206 Miller Court Riccarton,01/02/1984
422,Charlotte,Brown,charlotte.brown@biltongbites.co.nz,027-526-2736,26 Williams Court Newmarket,30/08/1974
423,Liam,Williams,liam.williams@biltongbites.co.nz,027-291-2011,199 Anderson Crescent Riccarton,05/05/1961
424,Oliver,Smith,oliver.smith@biltongbites.co.nz,027-565-8622,104 Miller Drive Ponsonby,29/05/1976
425,William,Taylor,william.taylor@biltongbites.co.nz,027-990-3433,23 Wilson Crescent Henderson,21/02/1990
426,Oliver,Lopez,oliver.lopez@biltongbites.co.nz,027-580-8819,50 Taylor Crescent Te Aro,05/12/1999
427,Liam,Johnson,liam.johnson@biltongbites.co.nz,027-761-6368,229 Johnson Place Manukau,15/09/1974
428,Sophia,Martinez,sophia.martinez@biltongbites.co.nz,027-572-3665,211 Taylor Place Remuera,04/04/1983
429,Isabella,Taylor,isabella.taylor@biltongbites.co.nz,027-937-7989,143 Davis Street Papatoetoe,16/03/1970
430,Harper,Thomas,harper.thomas@biltongbites.co.nz,027-295-1491,122 Martin Road Albany,21/09/1979
431,Oliver,Jones,oliver.jones@biltongbites.co.nz,027-761-9758,183 Gonzalez Road Albany,20/05/1993
432,William,Gonzalez,william.gonzalez@biltongbites.co.nz,027-583-5402,25 Smith Avenue Papatoetoe,08/07/1967
433,Oliver,Hernandez,oliver.hernandez@biltongbites.co.nz,027-272-1592,86 Lopez Street Ponsonby,29/04/1979
434,Harper,Rodriguez,harper.rodriguez@biltongbites.co.nz,027-384-5951,160 Moore Street Mount Eden,03/05/1994
435,Lucas,Gonzalez,lucas.gonzalez@biltongbites.co.nz,027-774-1201,227 Moore Drive Remuera,26/02/1987
436,Emma,Lopez,emma.lopez@biltongbites.co.nz,027-314-3641,77 Garcia Avenue Newmarket,10/11/1964
437,Isabella,Davis,isabella.davis@biltongbites.co.nz,027-328-9384,246 Martinez Court Karori,18/12/1980
438,Evelyn,Garcia,evelyn.garcia@biltongbites.co.nz,027-123-9745,113 Taylor Court Henderson,08/08/1989
439,Evelyn,Martin,evelyn.martin@biltongbites.co.nz,027-138-9326,82 Garcia Court Mount Eden,05/04/1983
440,Oliver,Smith,oliver.smith@biltongbites.co.nz,027-216-4205,206 Williams Crescent Henderson,13/02/1979
441,Alexander,Moore,alexander.moore@biltongbites.co.nz,027-572-4381,15 Martin Street Papatoetoe,06/03/1962
442,Ava,Davis,ava.davis@biltongbites.co.nz,027-127-1994,28 Williams Road Grey Lynn,16/02/2006
443,Mia,Jackson,mia.jackson@biltongbites.co.nz,027-515-8832,193 Miller Street Grey Lynn,08/06/1994
444,Benjamin,Williams,benjamin.williams@biltongbites.co.nz,027-114-1739,173 Garcia Crescent Mount Eden,17/08/1987
445,Elijah,Jackson,elijah.jackson@biltongbites.co.nz,027-136-9479,126 Davis Avenue Riccarton,28/08/1963
446,Liam,Jones,liam.jones@biltongbites.co.nz,027-259-6164,205 Martin Crescent Manukau,31/01/1970
447,Alexander,Smith,alexander.smith@biltongbites.co.nz,027-622-9285,203 Taylor Court Newmarket,15/07/2005
448,Harper,Thomas,harper.thomas@biltongbites.co.nz,027-406-6514,16 Gonzalez Court Henderson,25/06/1998
449,Oliver,Wilson,oliver.wilson@biltongbites.co.nz,027-733-1564,55 Lopez Road Albany,25/07/1962
450,Liam,Gonzalez,liam.gonzalez@biltongbites.co.nz,027-527-9520,187 Garcia Crescent Papatoetoe,22/06/1980
451,Ava,Moore,ava.moore@biltongbites.co.nz,027-606-7872,109 Smith Avenue Grey Lynn,18/11/1967
452,Ava,Anderson,ava.anderson@biltongbites.co.nz,027-708-4194,27 Rodriguez Avenue Newmarket,09/01/2004
453,Charlotte,Taylor,charlotte.taylor@biltongbites.co.nz,027-973-8531,217 Davis Avenue Ponsonby,04/01/1966
454,Sophia,Hernandez,sophia.hernandez@biltongbites.co.nz,027-632-7291,40 Taylor Road Remuera,24/05/1997
455,Liam,Jackson,liam.jackson@biltongbites.co.nz,027-948-9624,207 Anderson Road Karori,16/02/1986
456,Mia,Williams,mia.williams@biltongbites.co.nz,027-798-9128,76 Williams Court Newmarket,23/12/1983
457,Elijah,Martin,elijah.martin@biltongbites.co.nz,027-898-9133,87 Hernandez Court Newmarket,01/03/1969
458,Emma,Gonzalez,emma.gonzalez@biltongbites.co.nz,027-211-8131,210 Garcia Street Ponsonby,19/12/1979
459,Olivia,Moore,olivia.moore@biltongbites.co.nz,027-249-4525,213 Jones Court Henderson,07/11/2005
460,Oliver,Smith,oliver.smith@biltongbites.co.nz,027-139-4427,185 Johnson Crescent Grey Lynn,03/07/1999
461,Amelia,Brown,amelia.brown@biltongbites.co.nz,027-789-4025,158 Davis Avenue Te Aro,09/01/1974
462,Charlotte,Martin,charlotte.martin@biltongbites.co.nz,027-540-5915,111 Rodriguez Avenue Riccarton,17/07/2002
463,James,Johnson,james.johnson@biltongbites.co.nz,027-604-3308,136 Brown Street Albany,10/12/1980
464,Amelia,Anderson,amelia.anderson@biltongbites.co.nz,027-277-4532,31 Martinez Court Karori,24/04/2002
465,Harper,Gonzalez,harper.gonzalez@biltongbites.co.nz,027-676-3729,109 Jackson Avenue Grey Lynn,22/01/2000
466,Sophia,Martin,sophia.martin@biltongbites.co.nz,027-311-6612,148 Brown Road Remuera,30/08/1961
467,Oliver,Gonzalez,oliver.gonzalez@biltongbites.co.nz,027-908-7818,36 Jones Street Papatoetoe,22/06/1977
468,Amelia,Martin,amelia.martin@biltongbites.co.nz,027-596-5202,179 Anderson Place Te Aro,07/07/1973
469,James,Moore,james.moore@biltongbites.co.nz,027-173-8891,158 Moore Avenue Remuera,27/01/1998
470,Harper,Taylor,harper.taylor@biltongbites.co.nz,027-348-6173,241 Martin Crescent Manukau,20/01/1994
471,Evelyn,Gonzalez,evelyn.gonzalez@biltongbites.co.nz,027-236-5760,224 Martin Road Papatoetoe,06/04/1987
472,Emma,Martin,emma.martin@biltongbites.co.nz,027-972-6468,146 Taylor Crescent Manukau,25/08/1978
473,William,Gonzalez,william.gonzalez@biltongbites.co.nz,027-979-4051,218 Davis Place Riccarton,10/06/2005
474,Alexander,Johnson,alexander.johnson@biltongbites.co.nz,027-724-5944,135 Brown Crescent Ponsonby,16/02/1970
475,Benjamin,Jones,benjamin.jones@biltongbites.co.nz,027-157-3703,247 Taylor Avenue Newmarket,21/09/1985
476,Oliver,Wilson,oliver.wilson@biltongbites.co.nz,027-628-8397,222 Garcia Avenue Albany,23/01/1975
477,Olivia,Johnson,olivia.johnson@biltongbites.co.nz,027-999-1258,228 Johnson Avenue Papatoetoe,16/12/2001
478,Sophia,Johnson,sophia.johnson@biltongbites.co.nz,027-224-7613,7 Brown Avenue Manukau,10/10/1988
479,Mia,Smith,mia.smith@biltongbites.co.nz,027-176-5711,174 Jackson Court Grey Lynn,30/09/1986
480,Elijah,Miller,elijah.miller@biltongbites.co.nz,027-566-4168,172 Martinez Drive Henderson,18/11/1988
481,Liam,Hernandez,liam.hernandez@biltongbites.co.nz,027-979-6006,157 Garcia Drive Remuera,14/10/1996
482,Emma,Moore,emma.moore@biltongbites.co.nz,027-393-2069,138 Smith Road Karori,04/02/1996
483,James,Hernandez,james.hernandez@biltongbites.co.nz,027-238-7680,198 Hernandez Place Henderson,03/11/2005
484,Noah,Wilson,noah.wilson@biltongbites.co.nz,027-716-4392,212 Anderson Place Mount Eden,22/07/1993
485,Henry,Jones,henry.jones@biltongbites.co.nz,027-119-4537,107 Jones Crescent Karori,20/11/1998
486,Oliver,Wilson,oliver.wilson@biltongbites.co.nz,027-429-9064,86 Lopez Crescent Karori,14/12/1995
487,Elijah,Gonzalez,elijah.gonzalez@biltongbites.co.nz,027-813-7479,212 Garcia Avenue Manukau,12/11/1972
488,Noah,Brown,noah.brown@biltongbites.co.nz,027-455-7468,98 Wilson Street Henderson,16/04/1972
489,Benjamin,Rodriguez,benjamin.rodriguez@biltongbites.co.nz,027-274-3145,216 Davis Place Mount Eden,19/06/2001
490,Isabella,Thomas,isabella.thomas@biltongbites.co.nz,027-111-7272,101 Lopez Crescent Riccarton,11/03/1986
491,James,Brown,james.brown@biltongbites.co.nz,027-882-9145,162 Taylor Crescent Papatoetoe,11/05/1998
492,Oliver,Gonzalez,oliver.gonzalez@biltongbites.co.nz,027-189-1089,75 Johnson Place Papatoetoe,23/03/1986
493,Evelyn,Taylor,evelyn.taylor@biltongbites.co.nz,027-634-7179,24 Taylor Crescent Ponsonby,02/07/1965
494,Evelyn,Martinez,evelyn.martinez@biltongbites.co.nz,027-636-7861,166 Garcia Court Remuera,04/10/1962
495,Noah,Taylor,noah.taylor@biltongbites.co.nz,027-838-3859,1 Martinez Avenue Albany,27/05/2000
496,James,Taylor,james.taylor@biltongbites.co.nz,027-239-6444,82 Smith Crescent Henderson,24/06/1976
497,Emma,Garcia,emma.garcia@biltongbites.co.nz,027-419-5883,105 Hernandez Street Manukau,04/02/1964
498,Ava,Garcia,ava.garcia@biltongbites.co.nz,027-279-1649,36 Thomas Place Te Aro,01/08/2004
499,Harper,Lopez,harper.lopez@biltongbites.co.nz,027-350-9351,66 Brown Crescent Riccarton,04/07/1985
500,Sophia,Martinez,sophia.martinez@biltongbites.co.nz,027-340-1584,171 Gonzalez Road Henderson,30/12/1994
